,Unnamed: 0,AvgLineDensity,FontColor,FontFamily,FontName,FontSize,FontWeight,LineHeight,LineID,LineStartX,LineStartY,LineText,LineWidth,PageNo,TextGroupSeparator,WordDistance,WordHeight,WordID,WordStartX,WordStartY,WordValue,WordWidth,extre,fontposition,topposition,centerposition,bolding,Title_Ratio
0,0,2.0,, swiss, arial,14.0, bold,31,0,1126,191,ST MICHAELS,296,0,False,0,31,0,1126,191,ST,52,0,5,5,5,1,16
1,1,2.0,, swiss, arial,14.0, bold,31,0,1126,191,ST MICHAELS,296,0,True,18,31,1,1196,191,MICHAELS,226,0,5,5,5,1,16
2,2,2.0,, swiss, arial,24.0, bold,45,0,950,242,REGISTRATION FORM,647,0,False,0,45,0,950,242,REGISTRATION,451,1,6,5,5,1,18
3,3,2.0,, swiss, arial,24.0, bold,45,0,950,242,REGISTRATION FORM,647,0,True,27,45,1,1428,242,FORM,169,1,6,5,5,1,18
4,4,2.0,, swiss, arial,8.0,,31,0,1176,307,(Please Print),199,0,False,0,31,0,1176,307,(Please,109,0,1,5,5,0,11
5,5,2.0,, swiss, arial,8.0,,31,0,1176,307,(Please Print),199,0,True,12,31,1,1297,307,Print),78,0,1,5,5,0,11
6,6,4.0,0.0, swiss, arial,10.0, bold,31,0,1001,2610,IN CASE OF EMERGENCY,549,0,False,0,30,0,1001,2610,IN,37,0,5,0,5,1,11
7,7,4.0,0.0, swiss, arial,10.0, bold,31,0,1001,2610,IN CASE OF EMERGENCY,549,0,False,19,31,1,1057,2610,CASE,119,0,5,0,5,1,11
8,8,4.0,0.0, swiss, arial,10.0, bold,31,0,1001,2610,IN CASE OF EMERGENCY,549,0,False,17,31,2,1193,2610,OF,58,0,5,0,5,1,11
9,9,4.0,0.0, swiss, arial,10.0, bold,31,0,1001,2610,IN CASE OF EMERGENCY,549,0,False,19,31,3,1270,2610,EMERGENCY,280,0,5,0,5,1,11
10,10,13.0,, swiss, arial,8.0,,32,0,225,2803,The above information is true to the best of my knowledge. I authorize my insurance benefits be paid directly to the physician. I understand,2038,0,False,0,25,0,225,2803,The,56,0,1,0,3,0,4
11,11,13.0,, swiss, arial,8.0,,32,0,225,2803,The above information is true to the best of my knowledge. I authorize my insurance benefits be paid directly to the physician. I understand,2038,0,False,11,25,1,292,2803,above,89,0,1,0,3,0,4
12,12,13.0,, swiss, arial,8.0,,32,0,225,2803,The above information is true to the best of my knowledge. I authorize my insurance benefits be paid directly to the physician. I understand,2038,0,False,12,25,2,393,2803,information,162,0,1,0,3,0,4
13,13,13.0,, swiss, arial,8.0,,32,0,225,2803,The above information is true to the best of my knowledge. I authorize my insurance benefits be paid directly to the physician. I understand,2038,0,False,12,25,3,567,2803,is,21,0,1,0,3,0,4
14,14,13.0,, swiss, arial,8.0,,32,0,225,2803,The above information is true to the best of my knowledge. I authorize my insurance benefits be paid directly to the physician. I understand,2038,0,False,10,25,4,598,2803,TRUE,57,0,1,0,3,0,4
15,15,13.0,, swiss, arial,8.0,,32,0,225,2803,The above information is true to the best of my knowledge. I authorize my insurance benefits be paid directly to the physician. I understand,2038,0,False,11,25,5,666,2803,to,26,0,1,0,3,0,4
16,16,13.0,, swiss, arial,8.0,,32,0,225,2803,The above information is true to the best of my knowledge. I authorize my insurance benefits be paid directly to the physician. I understand,2038,0,False,10,25,6,702,2803,the,45,0,1,0,3,0,4
17,17,13.0,, swiss, arial,8.0,,32,0,225,2803,The above information is true to the best of my knowledge. I authorize my insurance benefits be paid directly to the physician. I understand,2038,0,False,14,25,7,761,2803,best,61,0,1,0,3,0,4
18,18,13.0,, swiss, arial,8.0,,32,0,225,2803,The above information is true to the best of my knowledge. I authorize my insurance benefits be paid directly to the physician. I understand,2038,0,False,10,25,8,832,2803,of,29,0,1,0,3,0,4
19,19,13.0,, swiss, arial,8.0,,32,0,225,2803,The above information is true to the best of my knowledge. I authorize my insurance benefits be paid directly to the physician. I understand,2038,0,False,9,25,9,870,2810,my,42,0,1,0,3,0,4
20,20,13.0,, swiss, arial,8.0,,32,0,225,2803,The above information is true to the best of my knowledge. I authorize my insurance benefits be paid directly to the physician. I understand,2038,0,False,11,32,10,923,2803,knowledge.,164,0,1,0,3,0,4
21,21,13.0,, swiss, arial,8.0,,32,0,225,2803,The above information is true to the best of my knowledge. I authorize my insurance benefits be paid directly to the physician. I understand,2038,0,False,15,24,11,1102,2803,I,5,0,1,0,3,0,4
22,22,13.0,, swiss, arial,8.0,,32,0,225,2803,The above information is true to the best of my knowledge. I authorize my insurance benefits be paid directly to the physician. I understand,2038,0,False,11,25,12,1118,2803,authorize,135,0,1,0,3,0,4
23,23,13.0,, swiss, arial,8.0,,32,0,225,2803,The above information is true to the best of my knowledge. I authorize my insurance benefits be paid directly to the physician. I understand,2038,0,False,14,25,13,1267,2810,my,43,0,1,0,3,0,4
24,24,13.0,, swiss, arial,8.0,,32,0,225,2803,The above information is true to the best of my knowledge. I authorize my insurance benefits be paid directly to the physician. I understand,2038,0,False,11,25,14,1321,2803,insurance,141,0,1,0,3,0,4
25,25,13.0,, swiss, arial,8.0,,32,0,225,2803,The above information is true to the best of my knowledge. I authorize my insurance benefits be paid directly to the physician. I understand,2038,0,False,11,25,15,1473,2803,benefits,114,0,1,0,3,0,4
26,26,13.0,, swiss, arial,8.0,,32,0,225,2803,The above information is true to the best of my knowledge. I authorize my insurance benefits be paid directly to the physician. I understand,2038,0,False,13,25,16,1600,2803,be,33,0,1,0,3,0,4
27,27,13.0,, swiss, arial,8.0,,32,0,225,2803,The above information is true to the best of my knowledge. I authorize my insurance benefits be paid directly to the physician. I understand,2038,0,False,14,32,17,1647,2803,paid,58,0,1,0,3,0,4
28,28,13.0,, swiss, arial,8.0,,32,0,225,2803,The above information is true to the best of my knowledge. I authorize my insurance benefits be paid directly to the physician. I understand,2038,0,False,12,32,18,1717,2803,directly,105,0,1,0,3,0,4
29,29,13.0,, swiss, arial,8.0,,32,0,225,2803,The above information is true to the best of my knowledge. I authorize my insurance benefits be paid directly to the physician. I understand,2038,0,False,10,25,19,1832,2803,to,26,0,1,0,3,0,4
30,30,13.0,, swiss, arial,8.0,,32,0,225,2803,The above information is true to the best of my knowledge. I authorize my insurance benefits be paid directly to the physician. I understand,2038,0,False,10,25,20,1868,2803,the,45,0,1,0,3,0,4
31,31,13.0,, swiss, arial,8.0,,32,0,225,2803,The above information is true to the best of my knowledge. I authorize my insurance benefits be paid directly to the physician. I understand,2038,0,False,14,32,21,1927,2803,physician.,143,0,1,0,3,0,4
32,32,13.0,, swiss, arial,8.0,,32,0,225,2803,The above information is true to the best of my knowledge. I authorize my insurance benefits be paid directly to the physician. I understand,2038,0,False,15,24,22,2085,2803,I,3,0,1,0,3,0,4
33,33,13.0,, swiss, arial,8.0,,32,0,225,2803,The above information is true to the best of my knowledge. I authorize my insurance benefits be paid directly to the physician. I understand,2038,0,False,14,25,23,2102,2803,understand,161,0,1,0,3,0,4
34,34,13.0,, swiss, arial,8.0,,31,1,225,2842,that I am financially responsible for any balance. I also authorize [Name of Practice] or insurance company to release any information required,2088,0,False,0,25,0,225,2842,that,55,0,1,0,3,0,4
35,35,13.0,, swiss, arial,8.0,,31,1,225,2842,that I am financially responsible for any balance. I also authorize [Name of Practice] or insurance company to release any information required,2088,0,False,12,25,1,292,2842,I,5,0,1,0,3,0,4
36,36,13.0,, swiss, arial,8.0,,31,1,225,2842,that I am financially responsible for any balance. I also authorize [Name of Practice] or insurance company to release any information required,2088,0,False,11,19,2,308,2848,am,44,0,1,0,3,0,4
37,37,13.0,, swiss, arial,8.0,,31,1,225,2842,that I am financially responsible for any balance. I also authorize [Name of Practice] or insurance company to release any information required,2088,0,False,11,31,3,363,2842,financially,148,0,1,0,3,0,4
38,38,13.0,, swiss, arial,8.0,,31,1,225,2842,that I am financially responsible for any balance. I also authorize [Name of Practice] or insurance company to release any information required,2088,0,False,11,31,4,522,2842,responsible,165,0,1,0,3,0,4
39,39,13.0,, swiss, arial,8.0,,31,1,225,2842,that I am financially responsible for any balance. I also authorize [Name of Practice] or insurance company to release any information required,2088,0,False,11,25,5,698,2842,for,40,0,1,0,3,0,4
40,40,13.0,, swiss, arial,8.0,,31,1,225,2842,that I am financially responsible for any balance. I also authorize [Name of Practice] or insurance company to release any information required,2088,0,False,9,25,6,747,2848,any,54,0,1,0,3,0,4
41,41,13.0,, swiss, arial,8.0,,31,1,225,2842,that I am financially responsible for any balance. I also authorize [Name of Practice] or insurance company to release any information required,2088,0,False,11,25,7,812,2842,balance.,121,0,1,0,3,0,4
42,42,13.0,, swiss, arial,8.0,,31,1,225,2842,that I am financially responsible for any balance. I also authorize [Name of Practice] or insurance company to release any information required,2088,0,False,15,25,8,948,2842,I,4,0,1,0,3,0,4
43,43,13.0,, swiss, arial,8.0,,31,1,225,2842,that I am financially responsible for any balance. I also authorize [Name of Practice] or insurance company to release any information required,2088,0,False,13,25,9,965,2842,also,60,0,1,0,3,0,4
44,44,13.0,, swiss, arial,8.0,,31,1,225,2842,that I am financially responsible for any balance. I also authorize [Name of Practice] or insurance company to release any information required,2088,0,False,11,25,10,1036,2842,authorize,134,0,1,0,3,0,4
45,45,13.0,, swiss, arial,8.0,,31,1,225,2842,that I am financially responsible for any balance. I also authorize [Name of Practice] or insurance company to release any information required,2088,0,False,12,31,11,1182,2842,[Name,95,0,1,0,3,0,4
46,46,13.0,, swiss, arial,8.0,,31,1,225,2842,that I am financially responsible for any balance. I also authorize [Name of Practice] or insurance company to release any information required,2088,0,False,13,25,12,1290,2842,of,27,0,1,0,3,0,4
47,47,13.0,, swiss, arial,8.0,,31,1,225,2842,that I am financially responsible for any balance. I also authorize [Name of Practice] or insurance company to release any information required,2088,0,False,10,31,13,1327,2842,Practice],126,0,1,0,3,0,4
48,48,13.0,, swiss, arial,8.0,,31,1,225,2842,that I am financially responsible for any balance. I also authorize [Name of Practice] or insurance company to release any information required,2088,0,False,13,19,14,1466,2848,or,29,0,1,0,3,0,4
49,49,13.0,, swiss, arial,8.0,,31,1,225,2842,that I am financially responsible for any balance. I also authorize [Name of Practice] or insurance company to release any information required,2088,0,False,10,25,15,1505,2842,insurance,141,0,1,0,3,0,4
50,50,13.0,, swiss, arial,8.0,,31,1,225,2842,that I am financially responsible for any balance. I also authorize [Name of Practice] or insurance company to release any information required,2088,0,False,11,25,16,1657,2848,company,135,0,1,0,3,0,4
51,51,13.0,, swiss, arial,8.0,,31,1,225,2842,that I am financially responsible for any balance. I also authorize [Name of Practice] or insurance company to release any information required,2088,0,False,10,25,17,1802,2842,to,26,0,1,0,3,0,4
52,52,13.0,, swiss, arial,8.0,,31,1,225,2842,that I am financially responsible for any balance. I also authorize [Name of Practice] or insurance company to release any information required,2088,0,False,13,25,18,1841,2842,release,106,0,1,0,3,0,4
53,53,13.0,, swiss, arial,8.0,,31,1,225,2842,that I am financially responsible for any balance. I also authorize [Name of Practice] or insurance company to release any information required,2088,0,False,10,25,19,1957,2848,any,54,0,1,0,3,0,4
54,54,13.0,, swiss, arial,8.0,,31,1,225,2842,that I am financially responsible for any balance. I also authorize [Name of Practice] or insurance company to release any information required,2088,0,False,11,25,20,2022,2842,information,161,0,1,0,3,0,4
55,55,13.0,, swiss, arial,8.0,,31,1,225,2842,that I am financially responsible for any balance. I also authorize [Name of Practice] or insurance company to release any information required,2088,0,False,13,31,21,2196,2842,required,117,0,1,0,3,0,4
56,56,13.0,, swiss, arial,8.0,,31,2,225,2881,to process my claims.,317,0,False,0,25,0,225,2881,to,27,0,1,0,3,0,4
57,57,13.0,, swiss, arial,8.0,,31,2,225,2881,to process my claims.,317,0,False,11,25,1,263,2887,process,114,0,1,0,3,0,4
58,58,13.0,, swiss, arial,8.0,,31,2,225,2881,to process my claims.,317,0,False,13,25,2,390,2887,my,42,0,1,0,3,0,4
59,59,13.0,, swiss, arial,8.0,,31,2,225,2881,to process my claims.,317,0,False,10,25,3,442,2881,claims.,100,0,1,0,3,0,4
60,60,13.0,, swiss, arial,8.0,,32,3,266,3003,Patient/Guardian signature Date,1485,0,False,0,25,0,266,3003,Patient/Guardian,249,0,1,0,5,0,6
61,61,13.0,, swiss, arial,8.0,,32,3,266,3003,Patient/Guardian signature Date,1485,0,False,10,32,1,525,3003,signature,136,0,1,0,5,0,6
62,62,13.0,, swiss, arial,8.0,,32,3,266,3003,Patient/Guardian signature Date,1485,0,True,1021,25,2,1682,3003,Date,69,0,1,0,5,0,6
63,0,,, swiss, arial,8.0,,39,0,225,378,Todayâ€™s date: 4 th November 2016,490,0,False,0,30,0,225,387,Todayâ€™s,116,0,1,5,3,0,9
64,1,,, swiss, arial,8.0,,39,0,225,378,Todayâ€™s date: 4 th November 2016,490,0,False,11,25,1,352,387,date:,70,0,1,5,3,0,9
65,2,,, swiss, arial,8.0,,39,0,225,378,Todayâ€™s date: 4 th November 2016,490,0,False,11,24,2,433,387,4,18,0,1,5,3,0,9
66,3,,, swiss, arial,8.0,,39,0,225,378,Todayâ€™s date: 4 th November 2016,490,0,False,1,13,3,452,380,th,16,0,1,5,3,0,9
67,4,,, swiss, arial,8.0,,39,0,225,378,Todayâ€™s date: 4 th November 2016,490,0,True,14,25,4,482,387,November,151,0,1,5,3,0,9
68,5,,, swiss, arial,8.0,,39,0,225,378,Todayâ€™s date: 4 th November 2016,490,0,False,10,25,5,643,387,2016,72,0,1,5,3,0,9
69,6,,, swiss, arial,8.0,,25,0,1471,387,PCP: 123456,204,0,False,0,25,0,1471,387,PCP:,74,0,1,5,1,0,7
70,7,,, swiss, arial,8.0,,25,0,1471,387,PCP: 123456,204,0,True,22,25,1,1567,387,123456,108,0,1,5,1,0,7
71,8,,0.0, swiss, arial,10.0, bold,31,0,1020,451,PATIENT INFORMATION,507,0,False,0,30,0,1020,451,PATIENT,185,0,5,5,5,1,16
72,9,,0.0, swiss, arial,10.0, bold,31,0,1020,451,PATIENT INFORMATION,507,0,True,17,31,1,1222,451,INFORMATION,305,0,5,5,5,1,16
73,10,,, swiss, arial,8.0,,30,0,227,522,Patientâ€™s last name: Northrup First: Kevin Middle: M,1179,0,False,0,25,0,227,522,Patientâ€™s,125,0,1,5,3,0,9
74,11,,, swiss, arial,8.0,,30,0,227,522,Patientâ€™s last name: Northrup First: Kevin Middle: M,1179,0,False,11,25,1,363,522,last,50,0,1,5,3,0,9
75,12,,, swiss, arial,8.0,,30,0,227,522,Patientâ€™s last name: Northrup First: Kevin Middle: M,1179,0,False,12,20,2,425,527,name:,88,0,1,5,3,0,9
76,13,,, swiss, arial,8.0,,30,0,227,522,Patientâ€™s last name: Northrup First: Kevin Middle: M,1179,0,False,14,30,3,527,522,Northrup,126,0,1,5,3,0,9
77,14,,, swiss, arial,8.0,,30,0,227,522,Patientâ€™s last name: Northrup First: Kevin Middle: M,1179,0,True,264,25,4,917,522,First:,70,0,1,5,3,0,9
78,15,,, swiss, arial,8.0,,30,0,227,522,Patientâ€™s last name: Northrup First: Kevin Middle: M,1179,0,False,13,25,5,1000,522,Kevin,80,0,1,5,3,0,9
79,16,,, swiss, arial,8.0,,30,0,227,522,Patientâ€™s last name: Northrup First: Kevin Middle: M,1179,0,True,185,25,6,1265,522,Middle:,102,0,1,5,3,0,9
80,17,,, swiss, arial,8.0,,30,0,227,522,Patientâ€™s last name: Northrup First: Kevin Middle: M,1179,0,False,15,24,7,1382,522,M,24,0,1,5,3,0,9
81,18,,, swiss, arial,8.0,,24,0,1467,537,âù‘ Mr.,84,0,False,0,24,0,1467,537,âù‘,40,0,1,5,1,0,7
82,19,,, swiss, arial,8.0,,24,0,1467,537,âù‘ Mr.,84,0,True,12,24,1,1507,537,Mr.,44,0,1,5,1,0,7
83,20,,, swiss, arial,8.0,,25,1,1467,576,âù‘ Mrs.,100,0,False,11,24,0,1467,576,âù‘,40,0,1,5,1,0,7
84,21,,, swiss, arial,8.0,,25,1,1467,576,âù‘ Mrs.,100,0,False,12,25,1,1507,576,Mrs.,60,0,1,5,1,0,7
85,22,,, swiss, arial,8.0,,25,0,1622,537,âù‘ Miss,105,0,False,0,24,0,1622,537,âù‘,40,0,1,5,1,0,7
86,23,,, swiss, arial,8.0,,25,0,1622,537,âù‘ Miss,105,0,True,20,25,1,1662,537,Miss,65,0,1,5,1,0,7
87,24,,, swiss, arial,8.0,,25,1,1622,576,âù‘ Ms.,89,0,False,20,24,0,1622,576,âù‘,40,0,1,5,1,0,7
88,25,,, swiss, arial,8.0,,25,1,1622,576,âù‘ Ms.,89,0,False,18,25,1,1662,576,Ms.,49,0,1,5,1,0,7
89,26,,, swiss, arial,8.0,,30,0,1812,522,Marital status (circle one),369,0,False,20,25,0,1812,522,Marital,96,0,1,5,1,0,7
90,27,,, swiss, arial,8.0,,30,0,1812,522,Marital status (circle one),369,0,False,17,25,1,1920,522,status,87,0,1,5,1,0,7
91,28,,, swiss, arial,8.0,,30,0,1812,522,Marital status (circle one),369,0,False,19,30,2,2018,522,(circle,87,0,1,5,1,0,7
92,29,,, swiss, arial,8.0,,30,0,1812,522,Marital status (circle one),369,0,False,19,30,3,2117,522,one),64,0,1,5,1,0,7
93,30,,, swiss, arial,20.0,,31,1,1811,590,Single / Mar / Div / Sep / Wid,496,0,True,17,31,0,1811,590,Single,90,0,6,5,1,0,12
94,31,,, swiss, arial,20.0,,31,1,1811,590,Single / Mar / Div / Sep / Wid,496,0,False,0,25,1,1921,590,/,10,0,6,5,1,0,12
95,32,,, swiss, arial,8.0,,31,1,1811,590,Single / Mar / Div / Sep / Wid,496,0,False,0,25,2,1951,590,Mar,56,0,1,5,1,0,7
96,33,,, swiss, arial,8.0,,31,1,1811,590,Single / Mar / Div / Sep / Wid,496,0,False,0,25,3,2025,590,/,10,0,1,5,1,0,7
97,34,,, swiss, arial,8.0,,31,1,1811,590,Single / Mar / Div / Sep / Wid,496,0,False,0,23,4,2055,590,Div,46,0,1,5,1,0,7
98,35,,, swiss, arial,8.0,,31,1,1811,590,Single / Mar / Div / Sep / Wid,496,0,False,0,25,5,2118,590,/,10,0,1,5,1,0,7
99,36,,, swiss, arial,8.0,,31,1,1811,590,Single / Mar / Div / Sep / Wid,496,0,False,0,31,6,2147,590,Sep,59,0,1,5,1,0,7
100,37,,, swiss, arial,8.0,,31,1,1811,590,Single / Mar / Div / Sep / Wid,496,0,False,0,25,7,2225,590,/,10,0,1,5,1,0,7
101,38,,, swiss, arial,8.0,,31,1,1811,590,Single / Mar / Div / Sep / Wid,496,0,False,0,25,8,2252,590,Wid,55,0,1,5,1,0,7
102,39,,, swiss, arial,8.0,,31,0,227,657,Is this your legal name?,349,0,False,0,25,0,227,657,Is,23,0,1,5,3,0,9
103,40,,, swiss, arial,8.0,,31,0,227,657,Is this your legal name?,349,0,False,10,25,1,260,657,this,51,0,1,5,3,0,9
104,41,,, swiss, arial,8.0,,31,0,227,657,Is this your legal name?,349,0,False,10,25,2,321,663,your,66,0,1,5,3,0,9
105,42,,, swiss, arial,8.0,,31,0,227,657,Is this your legal name?,349,0,False,10,31,3,397,657,legal,66,0,1,5,3,0,9
106,43,,, swiss, arial,8.0,,31,0,227,657,Is this your legal name?,349,0,True,14,25,4,477,657,name?,99,0,1,5,3,0,9
107,44,,, swiss, arial,8.0,,25,1,227,723,âù‘ Yes âù‘ No,286,0,False,0,24,0,227,723,âù‘,36,0,1,5,3,0,9
108,45,,, swiss, arial,8.0,,25,1,227,723,âù‘ Yes âù‘ No,286,0,False,0,25,1,263,723,Yes,58,0,1,5,3,0,9
109,46,,, swiss, arial,5.0,,25,1,227,723,âù‘ Yes âù‘ No,286,0,True,114,24,2,435,723,âù‘,25,0,1,5,3,0,9
110,47,,, swiss, arial,8.0,,25,1,227,723,âù‘ Yes âù‘ No,286,0,False,13,25,3,473,723,No,40,0,1,5,3,0,9
111,48,,, swiss, arial,8.0,,31,0,645,657,"If not, what is your legal name?",457,0,False,0,25,0,645,657,If,17,0,1,5,5,0,11
112,49,,, swiss, arial,8.0,,31,0,645,657,"If not, what is your legal name?",457,0,False,10,30,1,672,657,"not,",50,0,1,5,5,0,11
113,50,,, swiss, arial,8.0,,31,0,645,657,"If not, what is your legal name?",457,0,False,13,25,2,735,657,what,70,0,1,5,5,0,11
114,51,,, swiss, arial,16.0,,31,0,645,657,"If not, what is your legal name?",457,0,False,11,25,3,816,657,is,21,0,5,5,5,0,15
115,52,,, swiss, arial,16.0,,31,0,645,657,"If not, what is your legal name?",457,0,False,10,25,4,847,663,your,65,0,5,5,5,0,15
116,53,,, swiss, arial,8.0,,31,0,645,657,"If not, what is your legal name?",457,0,False,11,31,5,923,657,legal,68,0,1,5,5,0,11
117,54,,, swiss, arial,8.0,,31,0,645,657,"If not, what is your legal name?",457,0,False,11,25,6,1002,657,name?,100,0,1,5,5,0,11
118,55,,, swiss, arial,8.0,,31,0,1210,657,(Former name):,227,0,True,0,31,0,1210,657,(Former,117,0,1,5,5,0,11
119,56,,, swiss, arial,8.0,,31,0,1210,657,(Former name):,227,0,True,0,31,1,1337,657,name):,100,0,1,5,5,0,11
120,57,,, swiss, arial,8.0,,25,0,1702,657,Birth date:,148,0,True,0,25,0,1702,657,Birth,65,0,1,5,1,0,7
121,58,,, swiss, arial,8.0,,25,0,1702,657,Birth date:,148,0,True,0,25,1,1778,657,date:,72,0,1,5,1,0,7
122,59,,, swiss, arial,8.0,,25,1,1765,723,/ /,112,0,True,59,25,0,1765,723,/,10,0,1,5,1,0,7
123,60,,, swiss, arial,8.0,,25,1,1765,723,/ /,112,0,False,14,25,1,1867,723,/,10,0,1,5,1,0,7
124,61,,, swiss, arial,8.0,,31,0,1987,657,Age:,66,0,True,0,31,0,1987,657,Age:,66,0,1,5,1,0,7
125,62,,, swiss, arial,8.0,,25,0,2128,657,Sex:,64,0,False,10,25,0,2128,657,Sex:,64,0,1,5,1,0,7
126,63,,, swiss, arial,8.0,,24,1,2130,723,âù‘ M âù‘ F,177,0,False,0,24,0,2130,723,âù‘,38,0,1,5,1,0,7
127,64,,, swiss, arial,8.0,,24,1,2130,723,âù‘ M âù‘ F,177,0,False,11,24,1,2168,723,M,24,0,1,5,1,0,7
128,65,,, swiss, arial,5.0,,24,1,2130,723,âù‘ M âù‘ F,177,0,False,0,24,2,2251,723,âù‘,25,0,1,5,1,0,7
129,66,,, swiss, arial,8.0,,24,1,2130,723,âù‘ M âù‘ F,177,0,True,92,24,3,2290,723,F,17,0,1,5,1,0,7
130,67,,, swiss, arial,8.0,,25,0,226,792,Street address:,222,0,False,0,25,0,226,792,Street,87,0,1,5,3,0,9
131,68,,, swiss, arial,8.0,,25,0,226,792,Street address:,222,0,True,10,25,1,323,792,address:,125,0,1,5,3,0,9
132,69,,, swiss, arial,8.0,,25,1,226,857,61 Clareville Cr,227,0,False,0,25,0,226,857,61,31,0,1,5,3,0,9
133,70,,, swiss, arial,8.0,,25,1,226,857,61 Clareville Cr,227,0,True,15,25,1,272,857,Clareville,135,0,1,5,3,0,9
134,71,,, swiss, arial,8.0,,25,1,226,857,61 Clareville Cr,227,0,False,11,25,2,418,857,Cr,35,0,1,5,3,0,9
135,72,,, swiss, arial,8.0,,30,0,1273,792,Social Security no.:,283,0,False,0,25,0,1273,792,Social,89,0,1,5,1,0,7
136,73,,, swiss, arial,8.0,,30,0,1273,792,Social Security no.:,283,0,False,13,30,1,1373,792,Security,120,0,1,5,1,0,7
137,74,,, swiss, arial,8.0,,30,0,1273,792,Social Security no.:,283,0,True,14,20,2,1505,797,no.:,51,0,1,5,1,0,7
138,75,,, swiss, arial,8.0,,25,1,1276,857,123 4456 789,199,0,False,0,25,0,1276,857,123,51,0,1,5,1,0,7
139,76,,, swiss, arial,8.0,,25,1,1276,857,123 4456 789,199,0,False,10,25,1,1337,857,4456,74,0,1,5,1,0,7
140,77,,, swiss, arial,8.0,,25,1,1276,857,123 4456 789,199,0,True,14,25,2,1422,857,789,53,0,1,5,1,0,7
141,78,,, swiss, arial,8.0,,30,0,1812,792,Home phone no.:,250,0,True,12,25,0,1812,792,Home,85,0,1,5,1,0,7
142,79,,, swiss, arial,8.0,,30,0,1812,792,Home phone no.:,250,0,True,12,30,1,1910,792,phone,88,0,1,5,1,0,7
143,80,,, swiss, arial,8.0,,30,0,1812,792,Home phone no.:,250,0,False,0,20,2,2012,797,no.:,50,0,1,5,1,0,7
144,81,,, swiss, arial,8.0,,31,1,1812,857,( 416 ) 346 1286,240,0,False,11,31,0,1812,857,(,8,0,1,5,1,0,7
145,82,,, swiss, arial,8.0,,31,1,1812,857,( 416 ) 346 1286,240,0,False,12,25,1,1830,857,416,53,0,1,5,1,0,7
146,83,,, swiss, arial,8.0,,31,1,1812,857,( 416 ) 346 1286,240,0,False,0,31,2,1897,857,),8,0,1,5,1,0,7
147,84,,, swiss, arial,8.0,,31,1,1812,857,( 416 ) 346 1286,240,0,False,10,25,3,1917,857,346,53,0,1,5,1,0,7
148,85,,, swiss, arial,8.0,,31,1,1812,857,( 416 ) 346 1286,240,0,False,11,25,4,1982,857,1286,70,0,1,5,1,0,7
149,86,,, swiss, arial,8.0,,26,0,227,925,P.O. box:,135,0,False,0,26,0,227,925,P.O.,61,0,1,4,3,0,8
150,87,,, swiss, arial,8.0,,26,0,227,925,P.O. box:,135,0,True,14,25,1,302,926,box:,60,0,1,4,3,0,8
151,88,,, swiss, arial,8.0,,31,0,776,926,City:,62,0,True,0,31,0,776,926,City:,62,0,1,4,5,0,10
152,89,,, swiss, arial,8.0,,25,0,1528,926,State:,84,0,False,12,25,0,1528,926,State:,84,0,1,4,1,0,6
153,90,,, swiss, arial,8.0,,25,0,1912,926,ZIP Code:,149,0,True,0,24,0,1912,926,ZIP,51,0,1,4,1,0,6
154,91,,, swiss, arial,8.0,,25,0,1912,926,ZIP Code:,149,0,True,0,25,1,1975,926,Code:,86,0,1,4,1,0,6
155,92,,, swiss, arial,8.0,,33,0,226,1057,Occupation:,175,0,True,0,33,0,226,1057,Occupation:,175,0,1,4,3,0,8
156,93,,, swiss, arial,8.0,,25,1,226,1125,consultant,151,0,True,0,25,0,226,1125,consultant,151,0,1,4,3,0,8
157,94,,, swiss, arial,8.0,,32,0,777,1058,Employer:,145,0,True,0,32,0,777,1058,Employer:,145,0,1,4,5,0,10
158,95,,, swiss, arial,8.0,,25,1,777,1125,ibm,50,0,False,10,25,0,777,1125,ibm,50,0,1,4,5,0,10
159,96,,, swiss, arial,8.0,,32,0,1807,1058,Employer phone no.:,304,0,False,13,32,0,1807,1058,Employer,140,0,1,4,1,0,6
160,97,,, swiss, arial,8.0,,32,0,1807,1058,Employer phone no.:,304,0,False,0,32,1,1957,1058,phone,90,0,1,4,1,0,6
161,98,,, swiss, arial,8.0,,32,0,1807,1058,Employer phone no.:,304,0,True,105,18,2,2060,1065,no.:,51,0,1,4,1,0,6
162,99,,, swiss, arial,8.0,,31,1,1807,1125,( ),121,0,True,0,31,0,1807,1125,(,9,0,1,4,1,0,6
163,100,,, swiss, arial,8.0,,31,1,1807,1125,( ),121,0,True,0,31,1,1921,1125,),7,0,1,4,1,0,6
164,101,,, swiss, arial,8.0,,31,0,226,1192,Chose clinic because/Referred to clinic by (please check one box):,979,0,False,0,25,0,226,1192,Chose,94,0,1,4,3,0,8
165,102,,, swiss, arial,8.0,,31,0,226,1192,Chose clinic because/Referred to clinic by (please check one box):,979,0,False,12,25,1,332,1192,clinic,73,0,1,4,3,0,8
166,103,,, swiss, arial,8.0,,31,0,226,1192,Chose clinic because/Referred to clinic by (please check one box):,979,0,False,11,25,2,416,1192,because/Referred,260,0,1,4,3,0,8
167,104,,, swiss, arial,8.0,,31,0,226,1192,Chose clinic because/Referred to clinic by (please check one box):,979,0,False,11,25,3,687,1192,to,29,0,1,4,3,0,8
168,105,,, swiss, arial,8.0,,31,0,226,1192,Chose clinic because/Referred to clinic by (please check one box):,979,0,False,10,25,4,726,1192,clinic,74,0,1,4,3,0,8
169,106,,, swiss, arial,8.0,,31,0,226,1192,Chose clinic because/Referred to clinic by (please check one box):,979,0,False,11,31,5,811,1192,by,32,0,1,4,3,0,8
170,107,,, swiss, arial,8.0,,31,0,226,1192,Chose clinic because/Referred to clinic by (please check one box):,979,0,False,12,31,6,855,1192,(please,106,0,1,4,3,0,8
171,108,,, swiss, arial,8.0,,31,0,226,1192,Chose clinic because/Referred to clinic by (please check one box):,979,0,False,11,25,7,972,1192,check,86,0,1,4,3,0,8
172,109,,, swiss, arial,8.0,,31,0,226,1192,Chose clinic because/Referred to clinic by (please check one box):,979,0,False,10,19,8,1068,1198,one,54,0,1,4,3,0,8
173,110,,, swiss, arial,8.0,,31,0,226,1192,Chose clinic because/Referred to clinic by (please check one box):,979,0,False,13,31,9,1135,1192,box):,70,0,1,4,3,0,8
174,111,,, swiss, arial,8.0,,32,1,227,1258,âù‘ Family âù‘ Friend âù‘ Close to home/work âù‘ Yellow,1060,0,False,0,24,0,227,1258,âù‘,39,0,1,4,3,0,8
175,112,,, swiss, arial,8.0,,32,1,227,1258,âù‘ Family âù‘ Friend âù‘ Close to home/work âù‘ Yellow,1060,0,False,0,32,1,266,1258,Family,96,0,1,4,3,0,8
176,113,,, swiss, arial,5.0,,32,1,227,1258,âù‘ Family âù‘ Friend âù‘ Close to home/work âù‘ Yellow,1060,0,True,89,24,2,451,1258,âù‘,25,0,1,4,3,0,8
177,114,,, swiss, arial,8.0,,32,1,227,1258,âù‘ Family âù‘ Friend âù‘ Close to home/work âù‘ Yellow,1060,0,False,14,25,3,490,1258,Friend,90,0,1,4,3,0,8
178,115,,, swiss, arial,5.0,,32,1,227,1258,âù‘ Family âù‘ Friend âù‘ Close to home/work âù‘ Yellow,1060,0,True,111,24,4,691,1258,âù‘,25,0,1,4,3,0,8
179,116,,, swiss, arial,8.0,,32,1,227,1258,âù‘ Family âù‘ Friend âù‘ Close to home/work âù‘ Yellow,1060,0,False,12,25,5,728,1258,Close,84,0,1,4,3,0,8
180,117,,, swiss, arial,8.0,,32,1,227,1258,âù‘ Family âù‘ Friend âù‘ Close to home/work âù‘ Yellow,1060,0,False,10,25,6,822,1258,to,28,0,1,4,3,0,8
181,118,,, swiss, arial,8.0,,32,1,227,1258,âù‘ Family âù‘ Friend âù‘ Close to home/work âù‘ Yellow,1060,0,False,12,25,7,862,1258,home/work,160,0,1,4,3,0,8
182,119,,, swiss, arial,5.0,,32,1,227,1258,âù‘ Family âù‘ Friend âù‘ Close to home/work âù‘ Yellow,1060,0,True,130,24,8,1152,1258,âù‘,25,0,1,4,3,0,8
183,120,,, swiss, arial,8.0,,32,1,227,1258,âù‘ Family âù‘ Friend âù‘ Close to home/work âù‘ Yellow,1060,0,False,13,25,9,1190,1258,Yellow,97,0,1,4,3,0,8
184,121,,, swiss, arial,8.0,,25,0,1257,1192,âù‘ Dr.,79,0,True,0,25,0,1257,1192,âù‘,39,0,1,4,1,0,6
185,122,,, swiss, arial,8.0,,25,0,1257,1192,âù‘ Dr.,79,0,True,0,25,1,1296,1192,Dr.,40,0,1,4,1,0,6
186,123,,, swiss, arial,8.0,,25,0,1842,1192,âù‘ Insurance,181,0,False,0,25,0,1842,1192,âù‘,40,0,1,4,1,0,6
187,124,,, swiss, arial,8.0,,25,0,1842,1192,âù‘ Insurance,181,0,True,48,25,1,1882,1192,Insurance,141,0,1,4,1,0,6
188,125,,, swiss, arial,8.0,,31,1,2037,1192,Plan âù‘ Hospital,268,0,True,14,25,0,2037,1192,Plan,63,0,1,4,1,0,6
189,126,,, swiss, arial,5.0,,31,1,2037,1192,Plan âù‘ Hospital,268,0,False,0,25,1,2148,1192,âù‘,25,0,1,4,1,0,6
190,127,,, swiss, arial,8.0,,31,1,2037,1192,Plan âù‘ Hospital,268,0,False,0,31,2,2187,1192,Hospital,118,0,1,4,1,0,6
191,128,,, swiss, arial,8.0,,33,0,1298,1257,Pages âù‘ Other,353,0,False,0,32,0,1298,1258,Pages,93,0,1,4,1,0,6
192,129,,, swiss, arial,5.0,,33,0,1298,1257,Pages âù‘ Other,353,0,True,139,24,1,1530,1258,âù‘,25,0,1,4,1,0,6
193,130,,, swiss, arial,8.0,,33,0,1298,1257,Pages âù‘ Other,353,0,False,12,26,2,1567,1257,Other,84,0,1,4,1,0,6
194,131,,, swiss, arial,8.0,,31,0,226,1326,Other family members seen here:,491,0,False,0,26,0,226,1326,Other,82,0,1,4,3,0,8
195,132,,, swiss, arial,8.0,,31,0,226,1326,Other family members seen here:,491,0,False,9,30,1,317,1327,family,88,0,1,4,3,0,8
196,133,,, swiss, arial,8.0,,31,0,226,1326,Other family members seen here:,491,0,False,11,25,2,416,1327,members,136,0,1,4,3,0,8
197,134,,, swiss, arial,8.0,,31,0,226,1326,Other family members seen here:,491,0,False,10,20,3,562,1332,seen,70,0,1,4,3,0,8
198,135,,, swiss, arial,8.0,,31,0,226,1326,Other family members seen here:,491,0,True,14,25,4,646,1327,here:,71,0,1,4,3,0,8
199,136,,0.0, swiss, arial,10.0, bold,30,0,982,1437,INSURANCE INFORMATION,581,0,False,0,30,0,982,1437,INSURANCE,258,0,5,4,5,1,15
200,137,,0.0, swiss, arial,10.0, bold,30,0,982,1437,INSURANCE INFORMATION,581,0,True,18,30,1,1258,1437,INFORMATION,305,0,5,4,5,1,15
201,138,,, swiss, arial,8.0,,33,0,887,1507,(Please give your insurance card to the receptionist.),775,0,False,0,32,0,887,1508,(Please,110,0,1,2,5,0,8
202,139,,, swiss, arial,8.0,,33,0,887,1507,(Please give your insurance card to the receptionist.),775,0,False,11,32,1,1008,1508,give,59,0,1,2,5,0,8
203,140,,, swiss, arial,8.0,,33,0,887,1507,(Please give your insurance card to the receptionist.),775,0,False,11,25,2,1078,1515,your,65,0,1,2,5,0,8
204,141,,, swiss, arial,8.0,,33,0,887,1507,(Please give your insurance card to the receptionist.),775,0,False,12,25,3,1155,1508,insurance,141,0,1,2,5,0,8
205,142,,, swiss, arial,8.0,,33,0,887,1507,(Please give your insurance card to the receptionist.),775,0,False,11,25,4,1307,1508,card,61,0,1,2,5,0,8
206,143,,, swiss, arial,8.0,,33,0,887,1507,(Please give your insurance card to the receptionist.),775,0,False,12,25,5,1380,1508,to,27,0,1,2,5,0,8
207,144,,, swiss, arial,8.0,,33,0,887,1507,(Please give your insurance card to the receptionist.),775,0,False,10,25,6,1417,1508,the,45,0,1,2,5,0,8
208,145,,, swiss, arial,8.0,,33,0,887,1507,(Please give your insurance card to the receptionist.),775,0,False,13,32,7,1475,1508,receptionist.),187,0,1,2,5,0,8
209,146,,, swiss, arial,8.0,,31,0,227,1576,Person responsible for bill:,389,0,False,0,25,0,227,1577,Person,101,0,1,2,3,0,6
210,147,,, swiss, arial,8.0,,31,0,227,1576,Person responsible for bill:,389,0,False,14,30,1,342,1577,responsible,166,0,1,2,3,0,6
211,148,,, swiss, arial,8.0,,31,0,227,1576,Person responsible for bill:,389,0,False,12,25,2,520,1577,for,38,0,1,2,3,0,6
212,149,,, swiss, arial,8.0,,31,0,227,1576,Person responsible for bill:,389,0,False,12,25,3,570,1577,bill:,46,0,1,2,3,0,6
213,150,,, swiss, arial,8.0,,26,0,703,1576,Birth date:,149,0,False,0,25,0,703,1577,Birth,65,0,1,2,5,0,8
214,151,,, swiss, arial,8.0,,26,0,703,1576,Birth date:,149,0,True,14,25,1,781,1577,date:,71,0,1,2,5,0,8
215,152,,, swiss, arial,8.0,,25,1,767,1642,/ /,101,0,True,12,25,0,767,1642,/,10,0,1,2,5,0,8
216,153,,, swiss, arial,8.0,,25,1,767,1642,/ /,101,0,False,0,25,1,858,1642,/,10,0,1,2,5,0,8
217,154,,, swiss, arial,8.0,,31,0,978,1576,Address (if different):,309,0,False,13,25,0,978,1577,Address,124,0,1,2,5,0,8
218,155,,, swiss, arial,8.0,,31,0,978,1576,Address (if different):,309,0,False,0,30,1,1113,1577,(if,28,0,1,2,5,0,8
219,156,,, swiss, arial,8.0,,31,0,978,1576,Address (if different):,309,0,True,81,30,2,1150,1577,different):,137,0,1,2,5,0,8
220,157,,, swiss, arial,8.0,,94,1,227,1642,( ) Is,1693,0,False,0,31,0,1807,1642,(,9,0,1,2,3,0,6
221,158,,, swiss, arial,8.0,,94,1,227,1642,( ) Is,1693,0,True,11,31,1,1911,1642,),9,0,1,2,3,0,6
222,159,,, swiss, arial,8.0,,94,1,227,1642,( ) Is,1693,0,False,9,25,2,227,1711,Is,23,0,1,2,3,0,6
223,160,,, swiss, arial,8.0,,30,0,1807,1577,Home phone no.:,251,0,True,0,25,0,1807,1577,Home,85,0,1,2,1,0,4
224,161,,, swiss, arial,8.0,,30,0,1807,1577,Home phone no.:,251,0,True,95,30,1,1906,1577,phone,89,0,1,2,1,0,4
225,162,,, swiss, arial,8.0,,30,0,1807,1577,Home phone no.:,251,0,False,-1693,20,2,2007,1582,no.:,51,0,1,2,1,0,4
226,163,,, swiss, arial,8.0,,32,0,260,1710,this person a patient here? âù‘ Yes âù‘ No,665,0,False,0,25,0,260,1711,this,51,0,1,2,5,0,8
227,164,,, swiss, arial,8.0,,32,0,260,1710,this person a patient here? âù‘ Yes âù‘ No,665,0,False,11,25,1,322,1717,person,100,0,1,2,5,0,8
228,165,,, swiss, arial,8.0,,32,0,260,1710,this person a patient here? âù‘ Yes âù‘ No,665,0,False,10,19,2,432,1717,a,16,0,1,2,5,0,8
229,166,,, swiss, arial,8.0,,32,0,260,1710,this person a patient here? âù‘ Yes âù‘ No,665,0,False,14,31,3,462,1711,patient,98,0,1,2,5,0,8
230,167,,, swiss, arial,8.0,,32,0,260,1710,this person a patient here? âù‘ Yes âù‘ No,665,0,False,12,25,4,572,1711,here?,80,0,1,2,5,0,8
231,168,,, swiss, arial,5.0,,32,0,260,1710,this person a patient here? âù‘ Yes âù‘ No,665,0,True,51,24,5,703,1711,âù‘,25,0,1,2,5,0,8
232,169,,, swiss, arial,8.0,,32,0,260,1710,this person a patient here? âù‘ Yes âù‘ No,665,0,False,13,25,6,741,1711,Yes,56,0,1,2,5,0,8
233,170,,, swiss, arial,5.0,,32,0,260,1710,this person a patient here? âù‘ Yes âù‘ No,665,0,True,49,24,7,846,1711,âù‘,25,0,1,2,5,0,8
234,171,,, swiss, arial,8.0,,32,0,260,1710,this person a patient here? âù‘ Yes âù‘ No,665,0,False,14,25,8,885,1711,No,40,0,1,2,5,0,8
235,172,,, swiss, arial,8.0,,33,0,226,1777,Occupation:,175,0,True,0,33,0,226,1777,Occupation:,175,0,1,2,3,0,6
236,173,,, swiss, arial,8.0,,33,0,537,1777,Employer:,145,0,True,0,32,0,537,1778,Employer:,145,0,1,2,5,0,8
237,174,,, swiss, arial,8.0,,33,0,842,1777,Employer address:,274,0,False,0,32,0,842,1778,Employer,140,0,1,2,5,0,8
238,175,,, swiss, arial,8.0,,33,0,842,1777,Employer address:,274,0,True,10,25,1,991,1778,address:,125,0,1,2,5,0,8
239,176,,, swiss, arial,8.0,,85,1,227,1842,( ) Is,1693,0,True,13,33,0,1807,1842,(,9,0,1,0,3,0,4
240,177,,, swiss, arial,8.0,,85,1,227,1842,( ) Is,1693,0,False,0,33,1,1911,1842,),9,0,1,0,3,0,4
241,178,,, swiss, arial,8.0,,85,1,227,1842,( ) Is,1693,0,False,9,25,2,227,1902,Is,23,0,1,0,3,0,4
242,179,,, swiss, arial,8.0,,33,0,1807,1777,Employer phone no.:,304,0,True,0,32,0,1807,1778,Employer,140,0,1,2,1,0,4
243,180,,, swiss, arial,8.0,,33,0,1807,1777,Employer phone no.:,304,0,True,95,32,1,1957,1778,phone,90,0,1,2,1,0,4
244,181,,, swiss, arial,8.0,,33,0,1807,1777,Employer phone no.:,304,0,False,-1693,18,2,2060,1785,no.:,51,0,1,2,1,0,4
245,182,,, swiss, arial,8.0,,44,0,260,1902,this patient covered by âù‘ Yes âù‘ No,766,0,False,0,25,0,260,1902,this,51,0,1,0,5,0,6
246,183,,, swiss, arial,8.0,,44,0,260,1902,this patient covered by âù‘ Yes âù‘ No,766,0,False,11,30,1,322,1902,patient,99,0,1,0,5,0,6
247,184,,, swiss, arial,8.0,,44,0,260,1902,this patient covered by âù‘ Yes âù‘ No,766,0,False,11,25,2,432,1902,covered,115,0,1,0,5,0,6
248,185,,, swiss, arial,8.0,,44,0,260,1902,this patient covered by âù‘ Yes âù‘ No,766,0,False,13,30,3,560,1902,by,33,0,1,0,5,0,6
249,186,,, swiss, arial,5.0,,44,0,260,1902,this patient covered by âù‘ Yes âù‘ No,766,0,True,199,24,4,792,1921,âù‘,25,0,1,0,5,0,6
250,187,,, swiss, arial,8.0,,44,0,260,1902,this patient covered by âù‘ Yes âù‘ No,766,0,False,11,25,5,828,1921,Yes,58,0,1,0,5,0,6
251,188,,, swiss, arial,5.0,,44,0,260,1902,this patient covered by âù‘ Yes âù‘ No,766,0,True,61,24,6,947,1921,âù‘,25,0,1,0,5,0,6
252,189,,, swiss, arial,8.0,,44,0,260,1902,this patient covered by âù‘ Yes âù‘ No,766,0,False,14,25,7,986,1921,No,40,0,1,0,5,0,6
253,190,,, swiss, arial,8.0,,25,1,227,1940,insurance?,159,0,True,0,25,0,227,1940,insurance?,159,0,1,0,3,0,4
254,191,,, swiss, arial,8.0,,50,0,227,1986,Please indicate primary âù‘ [Insurance] âù‘ [Insurance] âù‘ [Insurance] âù‘ [Insurance] âù‘ [Insurance],2036,0,False,0,25,0,227,1986,Please,98,0,1,0,3,0,4
255,192,,, swiss, arial,8.0,,50,0,227,1986,Please indicate primary âù‘ [Insurance] âù‘ [Insurance] âù‘ [Insurance] âù‘ [Insurance] âù‘ [Insurance],2036,0,False,12,25,1,337,1986,indicate,113,0,1,0,3,0,4
256,193,,, swiss, arial,8.0,,50,0,227,1986,Please indicate primary âù‘ [Insurance] âù‘ [Insurance] âù‘ [Insurance] âù‘ [Insurance] âù‘ [Insurance],2036,0,False,12,31,2,462,1986,primary,110,0,1,0,3,0,4
257,194,,, swiss, arial,5.0,,50,0,227,1986,Please indicate primary âù‘ [Insurance] âù‘ [Insurance] âù‘ [Insurance] âù‘ [Insurance] âù‘ [Insurance],2036,0,True,190,23,3,762,2005,âù‘,25,0,1,0,3,0,4
258,195,,, swiss, arial,8.0,,50,0,227,1986,Please indicate primary âù‘ [Insurance] âù‘ [Insurance] âù‘ [Insurance] âù‘ [Insurance] âù‘ [Insurance],2036,0,False,14,31,4,801,2005,[Insurance],161,0,1,0,3,0,4
259,196,,, swiss, arial,5.0,,50,0,227,1986,Please indicate primary âù‘ [Insurance] âù‘ [Insurance] âù‘ [Insurance] âù‘ [Insurance] âù‘ [Insurance],2036,0,True,140,23,5,1102,2005,âù‘,25,0,1,0,3,0,4
260,197,,, swiss, arial,8.0,,50,0,227,1986,Please indicate primary âù‘ [Insurance] âù‘ [Insurance] âù‘ [Insurance] âù‘ [Insurance] âù‘ [Insurance],2036,0,False,15,31,6,1142,2005,[Insurance],161,0,1,0,3,0,4
261,198,,, swiss, arial,5.0,,50,0,227,1986,Please indicate primary âù‘ [Insurance] âù‘ [Insurance] âù‘ [Insurance] âù‘ [Insurance] âù‘ [Insurance],2036,0,True,95,23,7,1398,2005,âù‘,25,0,1,0,3,0,4
262,199,,, swiss, arial,8.0,,50,0,227,1986,Please indicate primary âù‘ [Insurance] âù‘ [Insurance] âù‘ [Insurance] âù‘ [Insurance] âù‘ [Insurance],2036,0,False,14,31,8,1437,2005,[Insurance],163,0,1,0,3,0,4
263,200,,, swiss, arial,5.0,,50,0,227,1986,Please indicate primary âù‘ [Insurance] âù‘ [Insurance] âù‘ [Insurance] âù‘ [Insurance] âù‘ [Insurance],2036,0,True,138,23,9,1738,2005,âù‘,25,0,1,0,3,0,4
264,201,,, swiss, arial,8.0,,50,0,227,1986,Please indicate primary âù‘ [Insurance] âù‘ [Insurance] âù‘ [Insurance] âù‘ [Insurance] âù‘ [Insurance],2036,0,False,14,31,10,1777,2005,[Insurance],163,0,1,0,3,0,4
265,202,,, swiss, arial,5.0,,50,0,227,1986,Please indicate primary âù‘ [Insurance] âù‘ [Insurance] âù‘ [Insurance] âù‘ [Insurance] âù‘ [Insurance],2036,0,True,122,23,11,2062,2005,âù‘,25,0,1,0,3,0,4
266,203,,, swiss, arial,8.0,,50,0,227,1986,Please indicate primary âù‘ [Insurance] âù‘ [Insurance] âù‘ [Insurance] âù‘ [Insurance] âù‘ [Insurance],2036,0,False,15,31,12,2102,2005,[Insurance],161,0,1,0,3,0,4
267,204,,, swiss, arial,8.0,,25,1,227,2023,insurance,140,0,True,0,25,0,227,2023,insurance,140,0,1,0,3,0,4
268,205,,, swiss, arial,8.0,,51,2,227,2067,âù‘ [Insurance] âù‘ [Insurance] âù‘ [Insurance] âù‘ Welfare (Please provide âù‘ Other,1633,0,False,0,25,0,227,2087,âù‘,39,0,1,0,3,0,4
269,206,,, swiss, arial,8.0,,51,2,227,2067,âù‘ [Insurance] âù‘ [Insurance] âù‘ [Insurance] âù‘ Welfare (Please provide âù‘ Other,1633,0,False,0,31,1,266,2087,[Insurance],161,0,1,0,3,0,4
270,207,,, swiss, arial,5.0,,51,2,227,2067,âù‘ [Insurance] âù‘ [Insurance] âù‘ [Insurance] âù‘ Welfare (Please provide âù‘ Other,1633,0,True,129,25,2,556,2087,âù‘,25,0,1,0,3,0,4
271,208,,, swiss, arial,8.0,,51,2,227,2067,âù‘ [Insurance] âù‘ [Insurance] âù‘ [Insurance] âù‘ Welfare (Please provide âù‘ Other,1633,0,False,14,31,3,595,2087,[Insurance],162,0,1,0,3,0,4
272,209,,, swiss, arial,5.0,,51,2,227,2067,âù‘ [Insurance] âù‘ [Insurance] âù‘ [Insurance] âù‘ Welfare (Please provide âù‘ Other,1633,0,True,156,25,4,913,2087,âù‘,25,0,1,0,3,0,4
273,210,,, swiss, arial,8.0,,51,2,227,2067,âù‘ [Insurance] âù‘ [Insurance] âù‘ [Insurance] âù‘ Welfare (Please provide âù‘ Other,1633,0,False,14,31,5,952,2087,[Insurance],163,0,1,0,3,0,4
274,211,,, swiss, arial,5.0,,51,2,227,2067,âù‘ [Insurance] âù‘ [Insurance] âù‘ [Insurance] âù‘ Welfare (Please provide âù‘ Other,1633,0,True,87,24,6,1202,2068,âù‘,25,0,1,0,3,0,4
275,212,,, swiss, arial,8.0,,51,2,227,2067,âù‘ [Insurance] âù‘ [Insurance] âù‘ [Insurance] âù‘ Welfare (Please provide âù‘ Other,1633,0,False,13,25,7,1240,2068,Welfare,112,0,1,0,3,0,4
276,213,,, swiss, arial,8.0,,51,2,227,2067,âù‘ [Insurance] âù‘ [Insurance] âù‘ [Insurance] âù‘ Welfare (Please provide âù‘ Other,1633,0,False,14,32,8,1366,2068,(Please,111,0,1,0,3,0,4
277,214,,, swiss, arial,8.0,,51,2,227,2067,âù‘ [Insurance] âù‘ [Insurance] âù‘ [Insurance] âù‘ Welfare (Please provide âù‘ Other,1633,0,False,8,32,9,1485,2068,provide,110,0,1,0,3,0,4
278,215,,, swiss, arial,5.0,,51,2,227,2067,âù‘ [Insurance] âù‘ [Insurance] âù‘ [Insurance] âù‘ Welfare (Please provide âù‘ Other,1633,0,True,143,25,10,1738,2087,âù‘,25,0,1,0,3,0,4
279,216,,,,,1.0,,51,2,227,2067,âù‘ [Insurance] âù‘ [Insurance] âù‘ [Insurance] âù‘ Welfare (Please provide âù‘ Other,1633,0,False,14,25,11,1777,2087,Other,83,0,1,0,3,0,4
280,217,,, swiss, arial,8.0,,31,3,1202,2106,coupon),118,0,True,0,30,0,1202,2107,coupon),118,0,1,1,5,0,7
281,218,,, swiss, arial,8.0,,26,0,226,2162,Subscriberâ€™s name:,281,0,False,0,26,0,226,2162,Subscriberâ€™s,181,0,1,1,3,0,5
282,219,,, swiss, arial,8.0,,26,0,226,2162,Subscriberâ€™s name:,281,0,True,13,18,1,420,2170,name:,87,0,1,1,3,0,5
283,220,,, swiss, arial,8.0,,26,0,761,2162,Subscriberâ€™s S.S. no.:,316,0,False,0,26,0,761,2162,Subscriberâ€™s,181,0,1,1,5,0,7
284,221,,, swiss, arial,8.0,,26,0,761,2162,Subscriberâ€™s S.S. no.:,316,0,True,11,25,1,953,2163,S.S.,59,0,1,1,5,0,7
285,222,,, swiss, arial,8.0,,26,0,761,2162,Subscriberâ€™s S.S. no.:,316,0,False,0,18,2,1027,2170,no.:,50,0,1,1,5,0,7
286,223,,, swiss, arial,8.0,,26,0,1172,2162,Birth date:,148,0,False,0,25,0,1172,2163,Birth,65,0,1,1,5,0,7
287,224,,, swiss, arial,8.0,,26,0,1172,2162,Birth date:,148,0,True,11,25,1,1248,2163,date:,72,0,1,1,5,0,7
288,225,,, swiss, arial,8.0,,27,1,1235,2228,/ /,83,0,True,15,27,0,1235,2228,/,10,0,1,1,5,0,7
289,226,,, swiss, arial,8.0,,27,1,1235,2228,/ /,83,0,False,0,27,1,1308,2228,/,10,0,1,1,5,0,7
290,227,,, swiss, arial,8.0,,95,2,227,2227,$ Patientâ€™s,1923,0,True,11,30,0,2133,2227,$,17,0,1,1,3,0,5
291,228,,, swiss, arial,8.0,,95,2,227,2227,$ Patientâ€™s,1923,0,False,0,25,1,227,2297,Patientâ€™s,125,0,1,1,3,0,5
292,229,,, swiss, arial,8.0,,32,0,1452,2163,Group no.:,154,0,True,63,32,0,1452,2163,Group,90,0,1,1,1,0,3
293,230,,, swiss, arial,8.0,,32,0,1452,2163,Group no.:,154,0,False,0,18,1,1555,2170,no.:,51,0,1,1,1,0,3
294,231,,, swiss, arial,8.0,,32,0,1807,2163,Policy no.:,150,0,False,-1923,32,0,1807,2163,Policy,88,0,1,1,1,0,3
295,232,,, swiss, arial,8.0,,32,0,1807,2163,Policy no.:,150,0,True,0,18,1,1906,2170,no.:,51,0,1,1,1,0,3
296,233,,, swiss, arial,8.0,,32,0,2133,2163,Co-payment:,189,0,False,13,32,0,2133,2163,Co-payment:,189,0,1,1,1,0,3
297,234,,, swiss, arial,8.0,,31,0,363,2297,relationship to subscriber: âù‘ Self âù‘ Spouse âù‘ Child,1004,0,False,0,31,0,363,2297,relationship,169,0,1,1,5,0,7
298,235,,, swiss, arial,8.0,,31,0,363,2297,relationship to subscriber: âù‘ Self âù‘ Spouse âù‘ Child,1004,0,False,10,25,1,542,2297,to,26,0,1,1,5,0,7
299,236,,, swiss, arial,8.0,,31,0,363,2297,relationship to subscriber: âù‘ Self âù‘ Spouse âù‘ Child,1004,0,False,12,25,2,580,2297,subscriber:,160,0,1,1,5,0,7
300,237,,, swiss, arial,5.0,,31,0,363,2297,relationship to subscriber: âù‘ Self âù‘ Spouse âù‘ Child,1004,0,True,78,25,3,818,2297,âù‘,25,0,1,1,5,0,7
301,238,,, swiss, arial,8.0,,31,0,363,2297,relationship to subscriber: âù‘ Self âù‘ Spouse âù‘ Child,1004,0,False,14,25,4,857,2297,Self,58,0,1,1,5,0,7
302,239,,, swiss, arial,5.0,,31,0,363,2297,relationship to subscriber: âù‘ Self âù‘ Spouse âù‘ Child,1004,0,True,120,25,5,1035,2297,âù‘,25,0,1,1,5,0,7
303,240,,, swiss, arial,8.0,,31,0,363,2297,relationship to subscriber: âù‘ Self âù‘ Spouse âù‘ Child,1004,0,False,12,31,6,1072,2297,Spouse,110,0,1,1,5,0,7
304,241,,, swiss, arial,5.0,,31,0,363,2297,relationship to subscriber: âù‘ Self âù‘ Spouse âù‘ Child,1004,0,True,75,25,7,1257,2297,âù‘,25,0,1,1,5,0,7
305,242,,, swiss, arial,8.0,,31,0,363,2297,relationship to subscriber: âù‘ Self âù‘ Spouse âù‘ Child,1004,0,False,13,25,8,1295,2297,Child,72,0,1,1,5,0,7
306,243,,, swiss, arial,8.0,,25,0,1452,2297,âù‘ Other,121,0,True,0,25,0,1452,2297,âù‘,39,0,1,1,1,0,3
307,244,,, swiss, arial,8.0,,25,0,1452,2297,âù‘ Other,121,0,True,0,25,1,1491,2297,Other,82,0,1,1,1,0,3
308,245,,, swiss, arial,8.0,,32,0,227,2365,Name of secondary insurance (if applicable):,655,0,False,0,25,0,227,2366,Name,85,0,1,0,3,0,4
309,246,,, swiss, arial,8.0,,32,0,227,2365,Name of secondary insurance (if applicable):,655,0,False,11,25,1,323,2366,of,29,0,1,0,3,0,4
310,247,,, swiss, arial,8.0,,32,0,227,2365,Name of secondary insurance (if applicable):,655,0,False,9,31,2,361,2366,secondary,152,0,1,0,3,0,4
311,248,,, swiss, arial,8.0,,32,0,227,2365,Name of secondary insurance (if applicable):,655,0,False,12,25,3,525,2366,insurance,141,0,1,0,3,0,4
312,249,,, swiss, arial,8.0,,32,0,227,2365,Name of secondary insurance (if applicable):,655,0,False,12,31,4,678,2366,(if,29,0,1,0,3,0,4
313,250,,, swiss, arial,8.0,,32,0,227,2365,Name of secondary insurance (if applicable):,655,0,False,8,31,5,715,2366,applicable):,167,0,1,0,3,0,4
314,251,,, swiss, arial,8.0,,26,0,938,2365,Subscriberâ€™s name:,283,0,False,0,26,0,938,2365,Subscriberâ€™s,183,0,1,0,5,0,6
315,252,,, swiss, arial,8.0,,26,0,938,2365,Subscriberâ€™s name:,283,0,True,13,19,1,1132,2372,name:,89,0,1,0,5,0,6
316,253,,, swiss, arial,8.0,,31,0,1667,2366,Group no.:,154,0,False,0,31,0,1667,2366,Group,90,0,1,0,1,0,2
317,254,,, swiss, arial,8.0,,31,0,1667,2366,Group no.:,154,0,True,11,19,1,1770,2372,no.:,51,0,1,0,1,0,2
318,255,,, swiss, arial,8.0,,31,0,2042,2366,Policy no.:,150,0,False,0,31,0,2042,2366,Policy,88,0,1,0,1,0,2
319,256,,, swiss, arial,8.0,,31,0,2042,2366,Policy no.:,150,0,True,11,19,1,2141,2372,no.:,51,0,1,0,1,0,2
320,257,,, swiss, arial,8.0,,33,0,227,2497,Patientâ€™s relationship to subscriber: âù‘ Self âù‘ Spouse âù‘ Child,1140,0,False,0,25,0,227,2498,Patientâ€™s,125,0,1,0,3,0,4
321,258,,, swiss, arial,8.0,,33,0,227,2497,Patientâ€™s relationship to subscriber: âù‘ Self âù‘ Spouse âù‘ Child,1140,0,False,11,32,1,363,2498,relationship,169,0,1,0,3,0,4
322,259,,, swiss, arial,8.0,,33,0,227,2497,Patientâ€™s relationship to subscriber: âù‘ Self âù‘ Spouse âù‘ Child,1140,0,False,10,25,2,542,2498,to,26,0,1,0,3,0,4
323,260,,, swiss, arial,8.0,,33,0,227,2497,Patientâ€™s relationship to subscriber: âù‘ Self âù‘ Spouse âù‘ Child,1140,0,False,12,25,3,580,2498,subscriber:,160,0,1,0,3,0,4
324,261,,, swiss, arial,5.0,,33,0,227,2497,Patientâ€™s relationship to subscriber: âù‘ Self âù‘ Spouse âù‘ Child,1140,0,True,87,24,4,827,2498,âù‘,25,0,1,0,3,0,4
325,262,,, swiss, arial,8.0,,33,0,227,2497,Patientâ€™s relationship to subscriber: âù‘ Self âù‘ Spouse âù‘ Child,1140,0,False,14,25,5,866,2498,Self,57,0,1,0,3,0,4
326,263,,, swiss, arial,5.0,,33,0,227,2497,Patientâ€™s relationship to subscriber: âù‘ Self âù‘ Spouse âù‘ Child,1140,0,True,112,24,6,1035,2498,âù‘,25,0,1,0,3,0,4
327,264,,, swiss, arial,8.0,,33,0,227,2497,Patientâ€™s relationship to subscriber: âù‘ Self âù‘ Spouse âù‘ Child,1140,0,False,12,32,7,1072,2498,Spouse,110,0,1,0,3,0,4
328,265,,, swiss, arial,5.0,,33,0,227,2497,Patientâ€™s relationship to subscriber: âù‘ Self âù‘ Spouse âù‘ Child,1140,0,True,75,24,8,1257,2498,âù‘,25,0,1,0,3,0,4
329,266,,, swiss, arial,8.0,,33,0,227,2497,Patientâ€™s relationship to subscriber: âù‘ Self âù‘ Spouse âù‘ Child,1140,0,False,13,25,9,1295,2498,Child,72,0,1,0,3,0,4
330,267,,, swiss, arial,8.0,,26,0,1452,2497,âù‘ Other,121,0,True,0,25,0,1452,2497,âù‘,39,0,1,0,1,0,2
331,268,,, swiss, arial,8.0,,26,0,1452,2497,âù‘ Other,121,0,True,0,26,1,1491,2497,Other,82,0,1,0,1,0,2
332,269,,, swiss, arial,8.0,,30,0,227,2682,Name of local friend or relative (not living at same address):,875,0,False,0,25,0,227,2682,Name,85,0,1,0,3,0,4
333,270,,, swiss, arial,8.0,,30,0,227,2682,Name of local friend or relative (not living at same address):,875,0,False,11,25,1,323,2682,of,29,0,1,0,3,0,4
334,271,,, swiss, arial,8.0,,30,0,227,2682,Name of local friend or relative (not living at same address):,875,0,False,10,25,2,362,2682,local,65,0,1,0,3,0,4
335,272,,, swiss, arial,8.0,,30,0,227,2682,Name of local friend or relative (not living at same address):,875,0,False,10,25,3,437,2682,friend,81,0,1,0,3,0,4
336,273,,, swiss, arial,8.0,,30,0,227,2682,Name of local friend or relative (not living at same address):,875,0,False,14,20,4,532,2687,or,29,0,1,0,3,0,4
337,274,,, swiss, arial,8.0,,30,0,227,2682,Name of local friend or relative (not living at same address):,875,0,False,11,25,5,572,2682,relative,104,0,1,0,3,0,4
338,275,,, swiss, arial,8.0,,30,0,227,2682,Name of local friend or relative (not living at same address):,875,0,False,11,30,6,687,2682,(not,56,0,1,0,3,0,4
339,276,,, swiss, arial,8.0,,30,0,227,2682,Name of local friend or relative (not living at same address):,875,0,False,12,30,7,755,2682,living,72,0,1,0,3,0,4
340,277,,, swiss, arial,8.0,,30,0,227,2682,Name of local friend or relative (not living at same address):,875,0,False,11,25,8,838,2682,at,28,0,1,0,3,0,4
341,278,,, swiss, arial,8.0,,30,0,227,2682,Name of local friend or relative (not living at same address):,875,0,False,10,20,9,876,2687,same,79,0,1,0,3,0,4
342,279,,, swiss, arial,8.0,,30,0,227,2682,Name of local friend or relative (not living at same address):,875,0,False,12,30,10,967,2682,address):,135,0,1,0,3,0,4
343,280,,, swiss, arial,8.0,,30,0,1237,2682,Relationship to patient:,335,0,False,0,30,0,1237,2682,Relationship,181,0,1,0,5,0,6
344,281,,, swiss, arial,8.0,,30,0,1237,2682,Relationship to patient:,335,0,False,10,25,1,1428,2682,to,28,0,1,0,5,0,6
345,282,,, swiss, arial,8.0,,30,0,1237,2682,Relationship to patient:,335,0,True,11,30,2,1467,2682,patient:,105,0,1,0,5,0,6
346,283,,, swiss, arial,8.0,,30,0,1666,2682,Home phone no.:,251,0,False,0,25,0,1666,2682,Home,85,0,1,0,1,0,2
347,284,,, swiss, arial,8.0,,30,0,1666,2682,Home phone no.:,251,0,False,12,30,1,1763,2682,phone,89,0,1,0,1,0,2
348,285,,, swiss, arial,8.0,,30,0,1666,2682,Home phone no.:,251,0,True,14,20,2,1866,2687,no.:,51,0,1,0,1,0,2
349,286,,, swiss, arial,8.0,,31,1,1665,2746,( ) ),112,0,False,0,31,0,1665,2746,(,8,0,1,0,1,0,2
350,287,,, swiss, arial,8.0,,31,1,1665,2746,( ) ),112,0,False,-1673,0,1,0,0,),0,0,1,0,1,0,2
351,288,,, swiss, arial,8.0,,31,1,1665,2746,( ) ),112,0,True,1768,31,2,1768,2746,),9,0,1,0,1,0,2
352,289,,, swiss, arial,8.0,,30,0,1987,2682,Work phone no.:,243,0,False,0,25,0,1987,2682,Work,79,0,1,0,1,0,2
353,290,,, swiss, arial,8.0,,30,0,1987,2682,Work phone no.:,243,0,False,11,30,1,2077,2682,phone,89,0,1,0,1,0,2
354,291,,, swiss, arial,8.0,,30,0,1987,2682,Work phone no.:,243,0,True,12,20,2,2178,2687,no.:,52,0,1,0,1,0,2
355,292,,, swiss, arial,8.0,,31,1,1988,2746,( ) ),114,0,False,0,31,0,1988,2746,(,9,0,1,0,1,0,2
356,293,,, swiss, arial,8.0,,31,1,1988,2746,( ) ),114,0,False,-1997,0,1,0,0,),0,0,1,0,1,0,2
357,294,,, swiss, arial,8.0,,31,1,1988,2746,( ) ),114,0,True,2092,31,2,2092,2746,),10,0,1,0,1,0,2
