,PageID,PageNo,Lang,XDPI,YDPI,PageStartX,PageStartY,PageWidth,PageHeight,BlockID,BlockType,BlockStartX,BlockStartY,BlockWidth,BlockHeight,LineID,LineStartX,LineStartY,LineWidth,LineHeight,WordID,WordValue,WordStartX,WordStartY,WordWidth,WordHeight,WordStyle,FontColor,FontSize,FontFamily,FontWeight,FontName,WordCN,CharList,BlockWordCount,BlockText,LineCount,AvgLineDensity,LineWordCount,LineText,WordStyleCount,WordDistance,AvgWordDistance,TextGroupSeparator
0,TM000001,0,en-us,300,300,0,0,2550,3300,0,Block,1126,191,296,31,0,1126,191,296,31,0,ST,1126,191,52,31,0,,10, swiss, bold, arial,99,"[{u'CharWidth': 25, u'CharStartX': 1126, u'CharStartY': 191, u'CharStyle': u'0', u'CharCN': u'9', u'CharID': 0, u'CharValue': u'S', u'CharHeight': 31}, {u'CharWidth': 25, u'CharStartX': 1153, u'CharStartY': 191, u'CharStyle': u'0', u'CharCN': u'9', u'CharID': 1, u'CharValue': u'T', u'CharHeight': 30}]",2,ST MICHAELS,1,2,2,ST MICHAELS,1,0.0,9.0,False
1,TM000001,0,en-us,300,300,0,0,2550,3300,0,Block,1126,191,296,31,0,1126,191,296,31,1,MICHAELS,1196,191,226,31,0,,10, swiss, bold, arial,99999999,"[{u'CharWidth': 30, u'CharStartX': 1196, u'CharStartY': 191, u'CharStyle': u'0', u'CharCN': u'9', u'CharID': 0, u'CharValue': u'M', u'CharHeight': 30}, {u'CharWidth': 8, u'CharStartX': 1232, u'CharStartY': 191, u'CharStyle': u'0', u'CharCN': u'9', u'CharID': 1, u'CharValue': u'I', u'CharHeight': 30}, {u'CharWidth': 27, u'CharStartX': 1245, u'CharStartY': 191, u'CharStyle': u'0', u'CharCN': u'9', u'CharID': 2, u'CharValue': u'C', u'CharHeight': 31}, {u'CharWidth': 24, u'CharStartX': 1278, u'CharStartY': 191, u'CharStyle': u'0', u'CharCN': u'9', u'CharID': 3, u'CharValue': u'H', u'CharHeight': 30}, {u'CharWidth': 30, u'CharStartX': 1307, u'CharStartY': 191, u'CharStyle': u'0', u'CharCN': u'9', u'CharID': 4, u'CharValue': u'A', u'CharHeight': 30}, {u'CharWidth': 23, u'CharStartX': 1342, u'CharStartY': 191, u'CharStyle': u'0', u'CharCN': u'9', u'CharID': 5, u'CharValue': u'E', u'CharHeight': 30}, {u'CharWidth': 20, u'CharStartX': 1372, u'CharStartY': 191, u'CharStyle': u'0', u'CharCN': u'9', u'CharID': 6, u'CharValue': u'L', u'CharHeight': 30}, {u'CharWidth': 25, u'CharStartX': 1397, u'CharStartY': 191, u'CharStyle': u'0', u'CharCN': u'9', u'CharID': 7, u'CharValue': u'S', u'CharHeight': 31}]",2,ST MICHAELS,1,2,2,ST MICHAELS,1,18.0,9.0,True
2,TM000001,0,en-us,300,300,0,0,2550,3300,1,Block,950,242,647,45,0,950,242,647,45,0,REGISTRATION,950,242,451,45,1,,14, swiss, bold, arial,999999999999,"[{u'CharWidth': 37, u'CharStartX': 950, u'CharStartY': 243, u'CharStyle': u'1', u'CharCN': u'9', u'CharID': 0, u'CharValue': u'R', u'CharHeight': 43}, {u'CharWidth': 33, u'CharStartX': 993, u'CharStartY': 243, u'CharStyle': u'1', u'CharCN': u'9', u'CharID': 1, u'CharValue': u'E', u'CharHeight': 43}, {u'CharWidth': 40, u'CharStartX': 1032, u'CharStartY': 242, u'CharStyle': u'1', u'CharCN': u'9', u'CharID': 2, u'CharValue': u'G', u'CharHeight': 45}, {u'CharWidth': 10, u'CharStartX': 1081, u'CharStartY': 243, u'CharStyle': u'1', u'CharCN': u'9', u'CharID': 3, u'CharValue': u'I', u'CharHeight': 43}, {u'CharWidth': 35, u'CharStartX': 1097, u'CharStartY': 242, u'CharStyle': u'1', u'CharCN': u'9', u'CharID': 4, u'CharValue': u'S', u'CharHeight': 45}, {u'CharWidth': 34, u'CharStartX': 1137, u'CharStartY': 243, u'CharStyle': u'1', u'CharCN': u'9', u'CharID': 5, u'CharValue': u'T', u'CharHeight': 43}, {u'CharWidth': 39, u'CharStartX': 1177, u'CharStartY': 243, u'CharStyle': u'1', u'CharCN': u'9', u'CharID': 6, u'CharValue': u'R', u'CharHeight': 43}, {u'CharWidth': 41, u'CharStartX': 1217, u'CharStartY': 243, u'CharStyle': u'1', u'CharCN': u'9', u'CharID': 7, u'CharValue': u'A', u'CharHeight': 43}, {u'CharWidth': 34, u'CharStartX': 1262, u'CharStartY': 243, u'CharStyle': u'1', u'CharCN': u'9', u'CharID': 8, u'CharValue': u'T', u'CharHeight': 43}, {u'CharWidth': 10, u'CharStartX': 1302, u'CharStartY': 243, u'CharStyle': u'1', u'CharCN': u'9', u'CharID': 9, u'CharValue': u'I', u'CharHeight': 43}, {u'CharWidth': 41, u'CharStartX': 1317, u'CharStartY': 242, u'CharStyle': u'1', u'CharCN': u'9', u'CharID': 10, u'CharValue': u'O', u'CharHeight': 45}, {u'CharWidth': 34, u'CharStartX': 1367, u'CharStartY': 243, u'CharStyle': u'1', u'CharCN': u'9', u'CharID': 11, u'CharValue': u'N', u'CharHeight': 43}]",2,REGISTRATION FORM,1,2,2,REGISTRATION FORM,1,0.0,13.5,False
3,TM000001,0,en-us,300,300,0,0,2550,3300,1,Block,950,242,647,45,0,950,242,647,45,1,FORM,1428,242,169,45,1,,14, swiss, bold, arial,9999,"[{u'CharWidth': 29, u'CharStartX': 1428, u'CharStartY': 243, u'CharStyle': u'1', u'CharCN': u'9', u'CharID': 0, u'CharValue': u'F', u'CharHeight': 43}, {u'CharWidth': 42, u'CharStartX': 1463, u'CharStartY': 242, u'CharStyle': u'1', u'CharCN': u'9', u'CharID': 1, u'CharValue': u'O', u'CharHeight': 45}, {u'CharWidth': 39, u'CharStartX': 1512, u'CharStartY': 243, u'CharStyle': u'1', u'CharCN': u'9', u'CharID': 2, u'CharValue': u'R', u'CharHeight': 43}, {u'CharWidth': 40, u'CharStartX': 1557, u'CharStartY': 243, u'CharStyle': u'1', u'CharCN': u'9', u'CharID': 3, u'CharValue': u'M', u'CharHeight': 43}]",2,REGISTRATION FORM,1,2,2,REGISTRATION FORM,1,27.0,13.5,True
4,TM000001,0,en-us,300,300,0,0,2550,3300,2,Block,1176,307,199,31,0,1176,307,199,31,0,(Please,1176,307,109,31,2,,8, swiss,, arial,9999999,"[{u'CharWidth': 7, u'CharStartX': 1176, u'CharStartY': 307, u'CharStyle': u'2', u'CharCN': u'9', u'CharID': 0, u'CharValue': u'(', u'CharHeight': 31}, {u'CharWidth': 19, u'CharStartX': 1187, u'CharStartY': 307, u'CharStyle': u'2', u'CharCN': u'9', u'CharID': 1, u'CharValue': u'P', u'CharHeight': 25}, {u'CharWidth': 4, u'CharStartX': 1208, u'CharStartY': 307, u'CharStyle': u'2', u'CharCN': u'9', u'CharID': 2, u'CharValue': u'l', u'CharHeight': 25}, {u'CharWidth': 16, u'CharStartX': 1216, u'CharStartY': 313, u'CharStyle': u'2', u'CharCN': u'9', u'CharID': 3, u'CharValue': u'e', u'CharHeight': 19}, {u'CharWidth': 17, u'CharStartX': 1233, u'CharStartY': 313, u'CharStyle': u'2', u'CharCN': u'9', u'CharID': 4, u'CharValue': u'a', u'CharHeight': 19}, {u'CharWidth': 15, u'CharStartX': 1252, u'CharStartY': 313, u'CharStyle': u'2', u'CharCN': u'9', u'CharID': 5, u'CharValue': u's', u'CharHeight': 19}, {u'CharWidth': 17, u'CharStartX': 1268, u'CharStartY': 313, u'CharStyle': u'2', u'CharCN': u'9', u'CharID': 6, u'CharValue': u'e', u'CharHeight': 19}]",2,(Please Print),1,2,2,(Please Print),1,0.0,6.0,False
5,TM000001,0,en-us,300,300,0,0,2550,3300,2,Block,1176,307,199,31,0,1176,307,199,31,1,Print),1297,307,78,31,2,,8, swiss,, arial,999999,"[{u'CharWidth': 20, u'CharStartX': 1297, u'CharStartY': 307, u'CharStyle': u'2', u'CharCN': u'9', u'CharID': 0, u'CharValue': u'P', u'CharHeight': 25}, {u'CharWidth': 10, u'CharStartX': 1321, u'CharStartY': 313, u'CharStyle': u'2', u'CharCN': u'9', u'CharID': 1, u'CharValue': u'r', u'CharHeight': 19}, {u'CharWidth': 4, u'CharStartX': 1332, u'CharStartY': 307, u'CharStyle': u'2', u'CharCN': u'9', u'CharID': 2, u'CharValue': u'i', u'CharHeight': 25}, {u'CharWidth': 15, u'CharStartX': 1338, u'CharStartY': 313, u'CharStyle': u'2', u'CharCN': u'9', u'CharID': 3, u'CharValue': u'n', u'CharHeight': 19}, {u'CharWidth': 9, u'CharStartX': 1356, u'CharStartY': 307, u'CharStyle': u'2', u'CharCN': u'9', u'CharID': 4, u'CharValue': u't', u'CharHeight': 25}, {u'CharWidth': 8, u'CharStartX': 1367, u'CharStartY': 307, u'CharStyle': u'2', u'CharCN': u'9', u'CharID': 5, u'CharValue': u')', u'CharHeight': 31}]",2,(Please Print),1,2,2,(Please Print),1,12.0,6.0,True
6,TM000001,0,en-us,300,300,0,0,2550,3300,3,Block,207,2592,2136,68,0,1001,2610,549,31,0,IN,1001,2610,37,30,6, 000000,10, swiss, bold, arial,99,"[{u'CharWidth': 6, u'CharStartX': 1001, u'CharStartY': 2610, u'CharStyle': u'6', u'CharCN': u'9', u'CharID': 0, u'CharValue': u'I', u'CharHeight': 30}, {u'CharWidth': 23, u'CharStartX': 1015, u'CharStartY': 2610, u'CharStyle': u'6', u'CharCN': u'9', u'CharID': 1, u'CharValue': u'N', u'CharHeight': 30}]",4,IN CASE OF EMERGENCY,1,4,4,IN CASE OF EMERGENCY,1,0.0,13.75,False
7,TM000001,0,en-us,300,300,0,0,2550,3300,3,Block,207,2592,2136,68,0,1001,2610,549,31,1,CASE,1057,2610,119,31,6, 000000,10, swiss, bold, arial,9999,"[{u'CharWidth': 28, u'CharStartX': 1057, u'CharStartY': 2610, u'CharStyle': u'6', u'CharCN': u'9', u'CharID': 0, u'CharValue': u'C', u'CharHeight': 31}, {u'CharWidth': 30, u'CharStartX': 1088, u'CharStartY': 2610, u'CharStyle': u'6', u'CharCN': u'9', u'CharID': 1, u'CharValue': u'A', u'CharHeight': 30}, {u'CharWidth': 25, u'CharStartX': 1122, u'CharStartY': 2610, u'CharStyle': u'6', u'CharCN': u'9', u'CharID': 2, u'CharValue': u'S', u'CharHeight': 31}, {u'CharWidth': 24, u'CharStartX': 1152, u'CharStartY': 2610, u'CharStyle': u'6', u'CharCN': u'9', u'CharID': 3, u'CharValue': u'E', u'CharHeight': 30}]",4,IN CASE OF EMERGENCY,1,4,4,IN CASE OF EMERGENCY,1,19.0,13.75,False
8,TM000001,0,en-us,300,300,0,0,2550,3300,3,Block,207,2592,2136,68,0,1001,2610,549,31,2,OF,1193,2610,58,31,6, 000000,10, swiss, bold, arial,99,"[{u'CharWidth': 30, u'CharStartX': 1193, u'CharStartY': 2610, u'CharStyle': u'6', u'CharCN': u'9', u'CharID': 0, u'CharValue': u'O', u'CharHeight': 31}, {u'CharWidth': 21, u'CharStartX': 1230, u'CharStartY': 2610, u'CharStyle': u'6', u'CharCN': u'9', u'CharID': 1, u'CharValue': u'F', u'CharHeight': 30}]",4,IN CASE OF EMERGENCY,1,4,4,IN CASE OF EMERGENCY,1,17.0,13.75,False
9,TM000001,0,en-us,300,300,0,0,2550,3300,3,Block,207,2592,2136,68,0,1001,2610,549,31,3,EMERGENCY,1270,2610,280,31,6, 000000,10, swiss, bold, arial,999999999,"[{u'CharWidth': 22, u'CharStartX': 1270, u'CharStartY': 2610, u'CharStyle': u'6', u'CharCN': u'9', u'CharID': 0, u'CharValue': u'E', u'CharHeight': 30}, {u'CharWidth': 30, u'CharStartX': 1298, u'CharStartY': 2610, u'CharStyle': u'6', u'CharCN': u'9', u'CharID': 1, u'CharValue': u'M', u'CharHeight': 30}, {u'CharWidth': 22, u'CharStartX': 1336, u'CharStartY': 2610, u'CharStyle': u'6', u'CharCN': u'9', u'CharID': 2, u'CharValue': u'E', u'CharHeight': 30}, {u'CharWidth': 26, u'CharStartX': 1366, u'CharStartY': 2610, u'CharStyle': u'6', u'CharCN': u'9', u'CharID': 3, u'CharValue': u'R', u'CharHeight': 30}, {u'CharWidth': 29, u'CharStartX': 1396, u'CharStartY': 2610, u'CharStyle': u'6', u'CharCN': u'9', u'CharID': 4, u'CharValue': u'G', u'CharHeight': 31}, {u'CharWidth': 23, u'CharStartX': 1432, u'CharStartY': 2610, u'CharStyle': u'6', u'CharCN': u'9', u'CharID': 5, u'CharValue': u'E', u'CharHeight': 30}, {u'CharWidth': 24, u'CharStartX': 1461, u'CharStartY': 2610, u'CharStyle': u'6', u'CharCN': u'9', u'CharID': 6, u'CharValue': u'N', u'CharHeight': 30}, {u'CharWidth': 26, u'CharStartX': 1491, u'CharStartY': 2610, u'CharStyle': u'6', u'CharCN': u'9', u'CharID': 7, u'CharValue': u'C', u'CharHeight': 31}, {u'CharWidth': 29, u'CharStartX': 1521, u'CharStartY': 2610, u'CharStyle': u'6', u'CharCN': u'9', u'CharID': 8, u'CharValue': u'Y', u'CharHeight': 30}]",4,IN CASE OF EMERGENCY,1,4,4,IN CASE OF EMERGENCY,1,19.0,13.75,False
10,TM000001,0,en-us,300,300,0,0,2550,3300,4,Block,207,2792,2136,258,0,225,2803,2038,32,0,The,225,2803,56,25,2,,8, swiss,, arial,999,"[{u'CharWidth': 20, u'CharStartX': 225, u'CharStartY': 2803, u'CharStyle': u'2', u'CharCN': u'9', u'CharID': 0, u'CharValue': u'T', u'CharHeight': 24}, {u'CharWidth': 15, u'CharStartX': 247, u'CharStartY': 2803, u'CharStyle': u'2', u'CharCN': u'9', u'CharID': 1, u'CharValue': u'h', u'CharHeight': 24}, {u'CharWidth': 16, u'CharStartX': 265, u'CharStartY': 2810, u'CharStyle': u'2', u'CharCN': u'9', u'CharID': 2, u'CharValue': u'e', u'CharHeight': 18}]",53,The above information is true to the best of my knowledge. I authorize my insurance benefits be paid directly to the physician. I understand that I am financially responsible for any balance. I also authorize [Name of Practice] or insurance company to release any information required to process my claims. Patient/Guardian signature Date,4,13,24,The above information is true to the best of my knowledge. I authorize my insurance benefits be paid directly to the physician. I understand,1,0.0,11.4166666667,False
11,TM000001,0,en-us,300,300,0,0,2550,3300,4,Block,207,2792,2136,258,0,225,2803,2038,32,1,above,292,2803,89,25,2,,8, swiss,, arial,99999,"[{u'CharWidth': 16, u'CharStartX': 292, u'CharStartY': 2810, u'CharStyle': u'2', u'CharCN': u'9', u'CharID': 0, u'CharValue': u'a', u'CharHeight': 18}, {u'CharWidth': 15, u'CharStartX': 312, u'CharStartY': 2803, u'CharStyle': u'2', u'CharCN': u'9', u'CharID': 1, u'CharValue': u'b', u'CharHeight': 25}, {u'CharWidth': 17, u'CharStartX': 330, u'CharStartY': 2810, u'CharStyle': u'2', u'CharCN': u'9', u'CharID': 2, u'CharValue': u'o', u'CharHeight': 18}, {u'CharWidth': 16, u'CharStartX': 347, u'CharStartY': 2810, u'CharStyle': u'2', u'CharCN': u'9', u'CharID': 3, u'CharValue': u'v', u'CharHeight': 17}, {u'CharWidth': 16, u'CharStartX': 365, u'CharStartY': 2810, u'CharStyle': u'2', u'CharCN': u'9', u'CharID': 4, u'CharValue': u'e', u'CharHeight': 18}]",53,The above information is true to the best of my knowledge. I authorize my insurance benefits be paid directly to the physician. I understand that I am financially responsible for any balance. I also authorize [Name of Practice] or insurance company to release any information required to process my claims. Patient/Guardian signature Date,4,13,24,The above information is true to the best of my knowledge. I authorize my insurance benefits be paid directly to the physician. I understand,1,11.0,11.4166666667,False
12,TM000001,0,en-us,300,300,0,0,2550,3300,4,Block,207,2792,2136,258,0,225,2803,2038,32,2,information,393,2803,162,25,2,,8, swiss,, arial,99999999999,"[{u'CharWidth': 4, u'CharStartX': 393, u'CharStartY': 2803, u'CharStyle': u'2', u'CharCN': u'9', u'CharID': 0, u'CharValue': u'i', u'CharHeight': 24}, {u'CharWidth': 15, u'CharStartX': 401, u'CharStartY': 2810, u'CharStyle': u'2', u'CharCN': u'9', u'CharID': 1, u'CharValue': u'n', u'CharHeight': 17}, {u'CharWidth': 11, u'CharStartX': 417, u'CharStartY': 2803, u'CharStyle': u'2', u'CharCN': u'9', u'CharID': 2, u'CharValue': u'f', u'CharHeight': 24}, {u'CharWidth': 18, u'CharStartX': 427, u'CharStartY': 2810, u'CharStyle': u'2', u'CharCN': u'9', u'CharID': 3, u'CharValue': u'o', u'CharHeight': 18}, {u'CharWidth': 10, u'CharStartX': 447, u'CharStartY': 2810, u'CharStyle': u'2', u'CharCN': u'9', u'CharID': 4, u'CharValue': u'r', u'CharHeight': 17}, {u'CharWidth': 24, u'CharStartX': 458, u'CharStartY': 2810, u'CharStyle': u'2', u'CharCN': u'9', u'CharID': 5, u'CharValue': u'm', u'CharHeight': 17}, {u'CharWidth': 16, u'CharStartX': 485, u'CharStartY': 2810, u'CharStyle': u'2', u'CharCN': u'9', u'CharID': 6, u'CharValue': u'a', u'CharHeight': 18}, {u'CharWidth': 10, u'CharStartX': 502, u'CharStartY': 2803, u'CharStyle': u'2', u'CharCN': u'9', u'CharID': 7, u'CharValue': u't', u'CharHeight': 25}, {u'CharWidth': 4, u'CharStartX': 513, u'CharStartY': 2803, u'CharStyle': u'2', u'CharCN': u'9', u'CharID': 8, u'CharValue': u'i', u'CharHeight': 24}, {u'CharWidth': 16, u'CharStartX': 521, u'CharStartY': 2810, u'CharStyle': u'2', u'CharCN': u'9', u'CharID': 9, u'CharValue': u'o', u'CharHeight': 18}, {u'CharWidth': 15, u'CharStartX': 540, u'CharStartY': 2810, u'CharStyle': u'2', u'CharCN': u'9', u'CharID': 10, u'CharValue': u'n', u'CharHeight': 17}]",53,The above information is true to the best of my knowledge. I authorize my insurance benefits be paid directly to the physician. I understand that I am financially responsible for any balance. I also authorize [Name of Practice] or insurance company to release any information required to process my claims. Patient/Guardian signature Date,4,13,24,The above information is true to the best of my knowledge. I authorize my insurance benefits be paid directly to the physician. I understand,1,12.0,11.4166666667,False
13,TM000001,0,en-us,300,300,0,0,2550,3300,4,Block,207,2792,2136,258,0,225,2803,2038,32,3,is,567,2803,21,25,2,,8, swiss,, arial,99,"[{u'CharWidth': 5, u'CharStartX': 567, u'CharStartY': 2803, u'CharStyle': u'2', u'CharCN': u'9', u'CharID': 0, u'CharValue': u'i', u'CharHeight': 24}, {u'CharWidth': 15, u'CharStartX': 573, u'CharStartY': 2810, u'CharStyle': u'2', u'CharCN': u'9', u'CharID': 1, u'CharValue': u's', u'CharHeight': 18}]",53,The above information is true to the best of my knowledge. I authorize my insurance benefits be paid directly to the physician. I understand that I am financially responsible for any balance. I also authorize [Name of Practice] or insurance company to release any information required to process my claims. Patient/Guardian signature Date,4,13,24,The above information is true to the best of my knowledge. I authorize my insurance benefits be paid directly to the physician. I understand,1,12.0,11.4166666667,False
14,TM000001,0,en-us,300,300,0,0,2550,3300,4,Block,207,2792,2136,258,0,225,2803,2038,32,4,true,598,2803,57,25,2,,8, swiss,, arial,9999,"[{u'CharWidth': 9, u'CharStartX': 598, u'CharStartY': 2803, u'CharStyle': u'2', u'CharCN': u'9', u'CharID': 0, u'CharValue': u't', u'CharHeight': 25}, {u'CharWidth': 10, u'CharStartX': 611, u'CharStartY': 2810, u'CharStyle': u'2', u'CharCN': u'9', u'CharID': 1, u'CharValue': u'r', u'CharHeight': 17}, {u'CharWidth': 15, u'CharStartX': 622, u'CharStartY': 2810, u'CharStyle': u'2', u'CharCN': u'9', u'CharID': 2, u'CharValue': u'u', u'CharHeight': 18}, {u'CharWidth': 17, u'CharStartX': 638, u'CharStartY': 2810, u'CharStyle': u'2', u'CharCN': u'9', u'CharID': 3, u'CharValue': u'e', u'CharHeight': 18}]",53,The above information is true to the best of my knowledge. I authorize my insurance benefits be paid directly to the physician. I understand that I am financially responsible for any balance. I also authorize [Name of Practice] or insurance company to release any information required to process my claims. Patient/Guardian signature Date,4,13,24,The above information is true to the best of my knowledge. I authorize my insurance benefits be paid directly to the physician. I understand,1,10.0,11.4166666667,False
15,TM000001,0,en-us,300,300,0,0,2550,3300,4,Block,207,2792,2136,258,0,225,2803,2038,32,5,to,666,2803,26,25,2,,8, swiss,, arial,99,"[{u'CharWidth': 9, u'CharStartX': 666, u'CharStartY': 2803, u'CharStyle': u'2', u'CharCN': u'9', u'CharID': 0, u'CharValue': u't', u'CharHeight': 25}, {u'CharWidth': 16, u'CharStartX': 676, u'CharStartY': 2810, u'CharStyle': u'2', u'CharCN': u'9', u'CharID': 1, u'CharValue': u'o', u'CharHeight': 18}]",53,The above information is true to the best of my knowledge. I authorize my insurance benefits be paid directly to the physician. I understand that I am financially responsible for any balance. I also authorize [Name of Practice] or insurance company to release any information required to process my claims. Patient/Guardian signature Date,4,13,24,The above information is true to the best of my knowledge. I authorize my insurance benefits be paid directly to the physician. I understand,1,11.0,11.4166666667,False
16,TM000001,0,en-us,300,300,0,0,2550,3300,4,Block,207,2792,2136,258,0,225,2803,2038,32,6,the,702,2803,45,25,2,,8, swiss,, arial,999,"[{u'CharWidth': 10, u'CharStartX': 702, u'CharStartY': 2803, u'CharStyle': u'2', u'CharCN': u'9', u'CharID': 0, u'CharValue': u't', u'CharHeight': 25}, {u'CharWidth': 15, u'CharStartX': 713, u'CharStartY': 2803, u'CharStyle': u'2', u'CharCN': u'9', u'CharID': 1, u'CharValue': u'h', u'CharHeight': 24}, {u'CharWidth': 15, u'CharStartX': 732, u'CharStartY': 2810, u'CharStyle': u'2', u'CharCN': u'9', u'CharID': 2, u'CharValue': u'e', u'CharHeight': 18}]",53,The above information is true to the best of my knowledge. I authorize my insurance benefits be paid directly to the physician. I understand that I am financially responsible for any balance. I also authorize [Name of Practice] or insurance company to release any information required to process my claims. Patient/Guardian signature Date,4,13,24,The above information is true to the best of my knowledge. I authorize my insurance benefits be paid directly to the physician. I understand,1,10.0,11.4166666667,False
17,TM000001,0,en-us,300,300,0,0,2550,3300,4,Block,207,2792,2136,258,0,225,2803,2038,32,7,best,761,2803,61,25,2,,8, swiss,, arial,9999,"[{u'CharWidth': 15, u'CharStartX': 761, u'CharStartY': 2803, u'CharStyle': u'2', u'CharCN': u'9', u'CharID': 0, u'CharValue': u'b', u'CharHeight': 25}, {u'CharWidth': 16, u'CharStartX': 777, u'CharStartY': 2810, u'CharStyle': u'2', u'CharCN': u'9', u'CharID': 1, u'CharValue': u'e', u'CharHeight': 18}, {u'CharWidth': 15, u'CharStartX': 797, u'CharStartY': 2810, u'CharStyle': u'2', u'CharCN': u'9', u'CharID': 2, u'CharValue': u's', u'CharHeight': 18}, {u'CharWidth': 10, u'CharStartX': 812, u'CharStartY': 2803, u'CharStyle': u'2', u'CharCN': u'9', u'CharID': 3, u'CharValue': u't', u'CharHeight': 25}]",53,The above information is true to the best of my knowledge. I authorize my insurance benefits be paid directly to the physician. I understand that I am financially responsible for any balance. I also authorize [Name of Practice] or insurance company to release any information required to process my claims. Patient/Guardian signature Date,4,13,24,The above information is true to the best of my knowledge. I authorize my insurance benefits be paid directly to the physician. I understand,1,14.0,11.4166666667,False
18,TM000001,0,en-us,300,300,0,0,2550,3300,4,Block,207,2792,2136,258,0,225,2803,2038,32,8,of,832,2803,29,25,2,,8, swiss,, arial,99,"[{u'CharWidth': 16, u'CharStartX': 832, u'CharStartY': 2810, u'CharStyle': u'2', u'CharCN': u'9', u'CharID': 0, u'CharValue': u'o', u'CharHeight': 18}, {u'CharWidth': 11, u'CharStartX': 850, u'CharStartY': 2803, u'CharStyle': u'2', u'CharCN': u'9', u'CharID': 1, u'CharValue': u'f', u'CharHeight': 24}]",53,The above information is true to the best of my knowledge. I authorize my insurance benefits be paid directly to the physician. I understand that I am financially responsible for any balance. I also authorize [Name of Practice] or insurance company to release any information required to process my claims. Patient/Guardian signature Date,4,13,24,The above information is true to the best of my knowledge. I authorize my insurance benefits be paid directly to the physician. I understand,1,10.0,11.4166666667,False
19,TM000001,0,en-us,300,300,0,0,2550,3300,4,Block,207,2792,2136,258,0,225,2803,2038,32,9,my,870,2810,42,25,2,,8, swiss,, arial,99,"[{u'CharWidth': 23, u'CharStartX': 870, u'CharStartY': 2810, u'CharStyle': u'2', u'CharCN': u'9', u'CharID': 0, u'CharValue': u'm', u'CharHeight': 17}, {u'CharWidth': 16, u'CharStartX': 896, u'CharStartY': 2810, u'CharStyle': u'2', u'CharCN': u'9', u'CharID': 1, u'CharValue': u'y', u'CharHeight': 25}]",53,The above information is true to the best of my knowledge. I authorize my insurance benefits be paid directly to the physician. I understand that I am financially responsible for any balance. I also authorize [Name of Practice] or insurance company to release any information required to process my claims. Patient/Guardian signature Date,4,13,24,The above information is true to the best of my knowledge. I authorize my insurance benefits be paid directly to the physician. I understand,1,9.0,11.4166666667,False
20,TM000001,0,en-us,300,300,0,0,2550,3300,4,Block,207,2792,2136,258,0,225,2803,2038,32,10,knowledge.,923,2803,164,32,2,,8, swiss,, arial,9999999999,"[{u'CharWidth': 15, u'CharStartX': 923, u'CharStartY': 2803, u'CharStyle': u'2', u'CharCN': u'9', u'CharID': 0, u'CharValue': u'k', u'CharHeight': 24}, {u'CharWidth': 15, u'CharStartX': 941, u'CharStartY': 2810, u'CharStyle': u'2', u'CharCN': u'9', u'CharID': 1, u'CharValue': u'n', u'CharHeight': 17}, {u'CharWidth': 18, u'CharStartX': 957, u'CharStartY': 2810, u'CharStyle': u'2', u'CharCN': u'9', u'CharID': 2, u'CharValue': u'o', u'CharHeight': 18}, {u'CharWidth': 24, u'CharStartX': 976, u'CharStartY': 2810, u'CharStyle': u'2', u'CharCN': u'9', u'CharID': 3, u'CharValue': u'w', u'CharHeight': 17}, {u'CharWidth': 4, u'CharStartX': 1002, u'CharStartY': 2803, u'CharStyle': u'2', u'CharCN': u'9', u'CharID': 4, u'CharValue': u'l', u'CharHeight': 24}, {u'CharWidth': 16, u'CharStartX': 1007, u'CharStartY': 2810, u'CharStyle': u'2', u'CharCN': u'9', u'CharID': 5, u'CharValue': u'e', u'CharHeight': 18}, {u'CharWidth': 15, u'CharStartX': 1027, u'CharStartY': 2803, u'CharStyle': u'2', u'CharCN': u'9', u'CharID': 6, u'CharValue': u'd', u'CharHeight': 25}, {u'CharWidth': 16, u'CharStartX': 1045, u'CharStartY': 2810, u'CharStyle': u'2', u'CharCN': u'9', u'CharID': 7, u'CharValue': u'g', u'CharHeight': 25}, {u'CharWidth': 17, u'CharStartX': 1063, u'CharStartY': 2810, u'CharStyle': u'2', u'CharCN': u'9', u'CharID': 8, u'CharValue': u'e', u'CharHeight': 18}, {u'CharWidth': 4, u'CharStartX': 1083, u'CharStartY': 2823, u'CharStyle': u'2', u'CharCN': u'9', u'CharID': 9, u'CharValue': u'.', u'CharHeight': 4}]",53,The above information is true to the best of my knowledge. I authorize my insurance benefits be paid directly to the physician. I understand that I am financially responsible for any balance. I also authorize [Name of Practice] or insurance company to release any information required to process my claims. Patient/Guardian signature Date,4,13,24,The above information is true to the best of my knowledge. I authorize my insurance benefits be paid directly to the physician. I understand,1,11.0,11.4166666667,False
21,TM000001,0,en-us,300,300,0,0,2550,3300,4,Block,207,2792,2136,258,0,225,2803,2038,32,11,I,1102,2803,5,24,2,,8, swiss,, arial,9,"[{u'CharWidth': 5, u'CharStartX': 1102, u'CharStartY': 2803, u'CharStyle': u'2', u'CharCN': u'9', u'CharID': 0, u'CharValue': u'I', u'CharHeight': 24}]",53,The above information is true to the best of my knowledge. I authorize my insurance benefits be paid directly to the physician. I understand that I am financially responsible for any balance. I also authorize [Name of Practice] or insurance company to release any information required to process my claims. Patient/Guardian signature Date,4,13,24,The above information is true to the best of my knowledge. I authorize my insurance benefits be paid directly to the physician. I understand,1,15.0,11.4166666667,False
22,TM000001,0,en-us,300,300,0,0,2550,3300,4,Block,207,2792,2136,258,0,225,2803,2038,32,12,authorize,1118,2803,135,25,2,,8, swiss,, arial,999999999,"[{u'CharWidth': 17, u'CharStartX': 1118, u'CharStartY': 2810, u'CharStyle': u'2', u'CharCN': u'9', u'CharID': 0, u'CharValue': u'a', u'CharHeight': 18}, {u'CharWidth': 15, u'CharStartX': 1138, u'CharStartY': 2810, u'CharStyle': u'2', u'CharCN': u'9', u'CharID': 1, u'CharValue': u'u', u'CharHeight': 18}, {u'CharWidth': 9, u'CharStartX': 1156, u'CharStartY': 2803, u'CharStyle': u'2', u'CharCN': u'9', u'CharID': 2, u'CharValue': u't', u'CharHeight': 25}, {u'CharWidth': 15, u'CharStartX': 1167, u'CharStartY': 2803, u'CharStyle': u'2', u'CharCN': u'9', u'CharID': 3, u'CharValue': u'h', u'CharHeight': 24}, {u'CharWidth': 18, u'CharStartX': 1183, u'CharStartY': 2810, u'CharStyle': u'2', u'CharCN': u'9', u'CharID': 4, u'CharValue': u'o', u'CharHeight': 18}, {u'CharWidth': 10, u'CharStartX': 1203, u'CharStartY': 2810, u'CharStyle': u'2', u'CharCN': u'9', u'CharID': 5, u'CharValue': u'r', u'CharHeight': 17}, {u'CharWidth': 3, u'CharStartX': 1215, u'CharStartY': 2803, u'CharStyle': u'2', u'CharCN': u'9', u'CharID': 6, u'CharValue': u'i', u'CharHeight': 24}, {u'CharWidth': 16, u'CharStartX': 1220, u'CharStartY': 2810, u'CharStyle': u'2', u'CharCN': u'9', u'CharID': 7, u'CharValue': u'z', u'CharHeight': 17}, {u'CharWidth': 16, u'CharStartX': 1237, u'CharStartY': 2810, u'CharStyle': u'2', u'CharCN': u'9', u'CharID': 8, u'CharValue': u'e', u'CharHeight': 18}]",53,The above information is true to the best of my knowledge. I authorize my insurance benefits be paid directly to the physician. I understand that I am financially responsible for any balance. I also authorize [Name of Practice] or insurance company to release any information required to process my claims. Patient/Guardian signature Date,4,13,24,The above information is true to the best of my knowledge. I authorize my insurance benefits be paid directly to the physician. I understand,1,11.0,11.4166666667,False
23,TM000001,0,en-us,300,300,0,0,2550,3300,4,Block,207,2792,2136,258,0,225,2803,2038,32,13,my,1267,2810,43,25,2,,8, swiss,, arial,99,"[{u'CharWidth': 24, u'CharStartX': 1267, u'CharStartY': 2810, u'CharStyle': u'2', u'CharCN': u'9', u'CharID': 0, u'CharValue': u'm', u'CharHeight': 17}, {u'CharWidth': 18, u'CharStartX': 1292, u'CharStartY': 2810, u'CharStyle': u'2', u'CharCN': u'9', u'CharID': 1, u'CharValue': u'y', u'CharHeight': 25}]",53,The above information is true to the best of my knowledge. I authorize my insurance benefits be paid directly to the physician. I understand that I am financially responsible for any balance. I also authorize [Name of Practice] or insurance company to release any information required to process my claims. Patient/Guardian signature Date,4,13,24,The above information is true to the best of my knowledge. I authorize my insurance benefits be paid directly to the physician. I understand,1,14.0,11.4166666667,False
24,TM000001,0,en-us,300,300,0,0,2550,3300,4,Block,207,2792,2136,258,0,225,2803,2038,32,14,insurance,1321,2803,141,25,2,,8, swiss,, arial,999999999,"[{u'CharWidth': 4, u'CharStartX': 1321, u'CharStartY': 2803, u'CharStyle': u'2', u'CharCN': u'9', u'CharID': 0, u'CharValue': u'i', u'CharHeight': 24}, {u'CharWidth': 15, u'CharStartX': 1327, u'CharStartY': 2810, u'CharStyle': u'2', u'CharCN': u'9', u'CharID': 1, u'CharValue': u'n', u'CharHeight': 17}, {u'CharWidth': 15, u'CharStartX': 1345, u'CharStartY': 2810, u'CharStyle': u'2', u'CharCN': u'9', u'CharID': 2, u'CharValue': u's', u'CharHeight': 18}, {u'CharWidth': 15, u'CharStartX': 1362, u'CharStartY': 2810, u'CharStyle': u'2', u'CharCN': u'9', u'CharID': 3, u'CharValue': u'u', u'CharHeight': 18}, {u'CharWidth': 10, u'CharStartX': 1382, u'CharStartY': 2810, u'CharStyle': u'2', u'CharCN': u'9', u'CharID': 4, u'CharValue': u'r', u'CharHeight': 17}, {u'CharWidth': 15, u'CharStartX': 1392, u'CharStartY': 2810, u'CharStyle': u'2', u'CharCN': u'9', u'CharID': 5, u'CharValue': u'a', u'CharHeight': 18}, {u'CharWidth': 15, u'CharStartX': 1411, u'CharStartY': 2810, u'CharStyle': u'2', u'CharCN': u'9', u'CharID': 6, u'CharValue': u'n', u'CharHeight': 17}, {u'CharWidth': 17, u'CharStartX': 1428, u'CharStartY': 2810, u'CharStyle': u'2', u'CharCN': u'9', u'CharID': 7, u'CharValue': u'c', u'CharHeight': 18}, {u'CharWidth': 16, u'CharStartX': 1446, u'CharStartY': 2810, u'CharStyle': u'2', u'CharCN': u'9', u'CharID': 8, u'CharValue': u'e', u'CharHeight': 18}]",53,The above information is true to the best of my knowledge. I authorize my insurance benefits be paid directly to the physician. I understand that I am financially responsible for any balance. I also authorize [Name of Practice] or insurance company to release any information required to process my claims. Patient/Guardian signature Date,4,13,24,The above information is true to the best of my knowledge. I authorize my insurance benefits be paid directly to the physician. I understand,1,11.0,11.4166666667,False
25,TM000001,0,en-us,300,300,0,0,2550,3300,4,Block,207,2792,2136,258,0,225,2803,2038,32,15,benefits,1473,2803,114,25,2,,8, swiss,, arial,99999999,"[{u'CharWidth': 15, u'CharStartX': 1473, u'CharStartY': 2803, u'CharStyle': u'2', u'CharCN': u'9', u'CharID': 0, u'CharValue': u'b', u'CharHeight': 25}, {u'CharWidth': 15, u'CharStartX': 1492, u'CharStartY': 2810, u'CharStyle': u'2', u'CharCN': u'9', u'CharID': 1, u'CharValue': u'e', u'CharHeight': 18}, {u'CharWidth': 15, u'CharStartX': 1511, u'CharStartY': 2810, u'CharStyle': u'2', u'CharCN': u'9', u'CharID': 2, u'CharValue': u'n', u'CharHeight': 17}, {u'CharWidth': 17, u'CharStartX': 1528, u'CharStartY': 2810, u'CharStyle': u'2', u'CharCN': u'9', u'CharID': 3, u'CharValue': u'e', u'CharHeight': 18}, {u'CharWidth': 15, u'CharStartX': 1547, u'CharStartY': 2803, u'CharStyle': u'2', u'CharCN': u'9', u'CharID': 4, u'CharValue': u'f', u'CharHeight': 24}, {u'CharWidth': 5, u'CharStartX': 1557, u'CharStartY': 2810, u'CharStyle': u'2', u'CharCN': u'9', u'CharID': 5, u'CharValue': u'i', u'CharHeight': 17}, {u'CharWidth': 10, u'CharStartX': 1562, u'CharStartY': 2803, u'CharStyle': u'2', u'CharCN': u'9', u'CharID': 6, u'CharValue': u't', u'CharHeight': 25}, {u'CharWidth': 15, u'CharStartX': 1572, u'CharStartY': 2810, u'CharStyle': u'2', u'CharCN': u'9', u'CharID': 7, u'CharValue': u's', u'CharHeight': 18}]",53,The above information is true to the best of my knowledge. I authorize my insurance benefits be paid directly to the physician. I understand that I am financially responsible for any balance. I also authorize [Name of Practice] or insurance company to release any information required to process my claims. Patient/Guardian signature Date,4,13,24,The above information is true to the best of my knowledge. I authorize my insurance benefits be paid directly to the physician. I understand,1,11.0,11.4166666667,False
26,TM000001,0,en-us,300,300,0,0,2550,3300,4,Block,207,2792,2136,258,0,225,2803,2038,32,16,be,1600,2803,33,25,2,,8, swiss,, arial,99,"[{u'CharWidth': 15, u'CharStartX': 1600, u'CharStartY': 2803, u'CharStyle': u'2', u'CharCN': u'9', u'CharID': 0, u'CharValue': u'b', u'CharHeight': 25}, {u'CharWidth': 16, u'CharStartX': 1617, u'CharStartY': 2810, u'CharStyle': u'2', u'CharCN': u'9', u'CharID': 1, u'CharValue': u'e', u'CharHeight': 18}]",53,The above information is true to the best of my knowledge. I authorize my insurance benefits be paid directly to the physician. I understand that I am financially responsible for any balance. I also authorize [Name of Practice] or insurance company to release any information required to process my claims. Patient/Guardian signature Date,4,13,24,The above information is true to the best of my knowledge. I authorize my insurance benefits be paid directly to the physician. I understand,1,13.0,11.4166666667,False
27,TM000001,0,en-us,300,300,0,0,2550,3300,4,Block,207,2792,2136,258,0,225,2803,2038,32,17,paid,1647,2803,58,32,2,,8, swiss,, arial,9999,"[{u'CharWidth': 15, u'CharStartX': 1647, u'CharStartY': 2810, u'CharStyle': u'2', u'CharCN': u'9', u'CharID': 0, u'CharValue': u'p', u'CharHeight': 25}, {u'CharWidth': 17, u'CharStartX': 1663, u'CharStartY': 2810, u'CharStyle': u'2', u'CharCN': u'9', u'CharID': 1, u'CharValue': u'a', u'CharHeight': 18}, {u'CharWidth': 4, u'CharStartX': 1683, u'CharStartY': 2803, u'CharStyle': u'2', u'CharCN': u'9', u'CharID': 2, u'CharValue': u'i', u'CharHeight': 24}, {u'CharWidth': 15, u'CharStartX': 1690, u'CharStartY': 2803, u'CharStyle': u'2', u'CharCN': u'9', u'CharID': 3, u'CharValue': u'd', u'CharHeight': 25}]",53,The above information is true to the best of my knowledge. I authorize my insurance benefits be paid directly to the physician. I understand that I am financially responsible for any balance. I also authorize [Name of Practice] or insurance company to release any information required to process my claims. Patient/Guardian signature Date,4,13,24,The above information is true to the best of my knowledge. I authorize my insurance benefits be paid directly to the physician. I understand,1,14.0,11.4166666667,False
28,TM000001,0,en-us,300,300,0,0,2550,3300,4,Block,207,2792,2136,258,0,225,2803,2038,32,18,directly,1717,2803,105,32,2,,8, swiss,, arial,99999999,"[{u'CharWidth': 15, u'CharStartX': 1717, u'CharStartY': 2803, u'CharStyle': u'2', u'CharCN': u'9', u'CharID': 0, u'CharValue': u'd', u'CharHeight': 25}, {u'CharWidth': 5, u'CharStartX': 1737, u'CharStartY': 2803, u'CharStyle': u'2', u'CharCN': u'9', u'CharID': 1, u'CharValue': u'i', u'CharHeight': 24}, {u'CharWidth': 10, u'CharStartX': 1745, u'CharStartY': 2810, u'CharStyle': u'2', u'CharCN': u'9', u'CharID': 2, u'CharValue': u'r', u'CharHeight': 17}, {u'CharWidth': 16, u'CharStartX': 1755, u'CharStartY': 2810, u'CharStyle': u'2', u'CharCN': u'9', u'CharID': 3, u'CharValue': u'e', u'CharHeight': 18}, {u'CharWidth': 17, u'CharStartX': 1773, u'CharStartY': 2810, u'CharStyle': u'2', u'CharCN': u'9', u'CharID': 4, u'CharValue': u'c', u'CharHeight': 18}, {u'CharWidth': 9, u'CharStartX': 1788, u'CharStartY': 2803, u'CharStyle': u'2', u'CharCN': u'9', u'CharID': 5, u'CharValue': u't', u'CharHeight': 25}, {u'CharWidth': 4, u'CharStartX': 1801, u'CharStartY': 2803, u'CharStyle': u'2', u'CharCN': u'9', u'CharID': 6, u'CharValue': u'l', u'CharHeight': 24}, {u'CharWidth': 16, u'CharStartX': 1806, u'CharStartY': 2810, u'CharStyle': u'2', u'CharCN': u'9', u'CharID': 7, u'CharValue': u'y', u'CharHeight': 25}]",53,The above information is true to the best of my knowledge. I authorize my insurance benefits be paid directly to the physician. I understand that I am financially responsible for any balance. I also authorize [Name of Practice] or insurance company to release any information required to process my claims. Patient/Guardian signature Date,4,13,24,The above information is true to the best of my knowledge. I authorize my insurance benefits be paid directly to the physician. I understand,1,12.0,11.4166666667,False
29,TM000001,0,en-us,300,300,0,0,2550,3300,4,Block,207,2792,2136,258,0,225,2803,2038,32,19,to,1832,2803,26,25,2,,8, swiss,, arial,99,"[{u'CharWidth': 9, u'CharStartX': 1832, u'CharStartY': 2803, u'CharStyle': u'2', u'CharCN': u'9', u'CharID': 0, u'CharValue': u't', u'CharHeight': 25}, {u'CharWidth': 16, u'CharStartX': 1842, u'CharStartY': 2810, u'CharStyle': u'2', u'CharCN': u'9', u'CharID': 1, u'CharValue': u'o', u'CharHeight': 18}]",53,The above information is true to the best of my knowledge. I authorize my insurance benefits be paid directly to the physician. I understand that I am financially responsible for any balance. I also authorize [Name of Practice] or insurance company to release any information required to process my claims. Patient/Guardian signature Date,4,13,24,The above information is true to the best of my knowledge. I authorize my insurance benefits be paid directly to the physician. I understand,1,10.0,11.4166666667,False
30,TM000001,0,en-us,300,300,0,0,2550,3300,4,Block,207,2792,2136,258,0,225,2803,2038,32,20,the,1868,2803,45,25,2,,8, swiss,, arial,999,"[{u'CharWidth': 9, u'CharStartX': 1868, u'CharStartY': 2803, u'CharStyle': u'2', u'CharCN': u'9', u'CharID': 0, u'CharValue': u't', u'CharHeight': 25}, {u'CharWidth': 15, u'CharStartX': 1880, u'CharStartY': 2803, u'CharStyle': u'2', u'CharCN': u'9', u'CharID': 1, u'CharValue': u'h', u'CharHeight': 24}, {u'CharWidth': 16, u'CharStartX': 1897, u'CharStartY': 2810, u'CharStyle': u'2', u'CharCN': u'9', u'CharID': 2, u'CharValue': u'e', u'CharHeight': 18}]",53,The above information is true to the best of my knowledge. I authorize my insurance benefits be paid directly to the physician. I understand that I am financially responsible for any balance. I also authorize [Name of Practice] or insurance company to release any information required to process my claims. Patient/Guardian signature Date,4,13,24,The above information is true to the best of my knowledge. I authorize my insurance benefits be paid directly to the physician. I understand,1,10.0,11.4166666667,False
31,TM000001,0,en-us,300,300,0,0,2550,3300,4,Block,207,2792,2136,258,0,225,2803,2038,32,21,physician.,1927,2803,143,32,2,,8, swiss,, arial,9999999999,"[{u'CharWidth': 15, u'CharStartX': 1927, u'CharStartY': 2810, u'CharStyle': u'2', u'CharCN': u'9', u'CharID': 0, u'CharValue': u'p', u'CharHeight': 25}, {u'CharWidth': 15, u'CharStartX': 1945, u'CharStartY': 2803, u'CharStyle': u'2', u'CharCN': u'9', u'CharID': 1, u'CharValue': u'h', u'CharHeight': 24}, {u'CharWidth': 16, u'CharStartX': 1962, u'CharStartY': 2810, u'CharStyle': u'2', u'CharCN': u'9', u'CharID': 2, u'CharValue': u'y', u'CharHeight': 25}, {u'CharWidth': 15, u'CharStartX': 1978, u'CharStartY': 2810, u'CharStyle': u'2', u'CharCN': u'9', u'CharID': 3, u'CharValue': u's', u'CharHeight': 18}, {u'CharWidth': 4, u'CharStartX': 1997, u'CharStartY': 2803, u'CharStyle': u'2', u'CharCN': u'9', u'CharID': 4, u'CharValue': u'i', u'CharHeight': 24}, {u'CharWidth': 16, u'CharStartX': 2002, u'CharStartY': 2810, u'CharStyle': u'2', u'CharCN': u'9', u'CharID': 5, u'CharValue': u'c', u'CharHeight': 18}, {u'CharWidth': 4, u'CharStartX': 2021, u'CharStartY': 2803, u'CharStyle': u'2', u'CharCN': u'9', u'CharID': 6, u'CharValue': u'i', u'CharHeight': 24}, {u'CharWidth': 16, u'CharStartX': 2027, u'CharStartY': 2810, u'CharStyle': u'2', u'CharCN': u'9', u'CharID': 7, u'CharValue': u'a', u'CharHeight': 18}, {u'CharWidth': 15, u'CharStartX': 2046, u'CharStartY': 2810, u'CharStyle': u'2', u'CharCN': u'9', u'CharID': 8, u'CharValue': u'n', u'CharHeight': 17}, {u'CharWidth': 4, u'CharStartX': 2066, u'CharStartY': 2823, u'CharStyle': u'2', u'CharCN': u'9', u'CharID': 9, u'CharValue': u'.', u'CharHeight': 4}]",53,The above information is true to the best of my knowledge. I authorize my insurance benefits be paid directly to the physician. I understand that I am financially responsible for any balance. I also authorize [Name of Practice] or insurance company to release any information required to process my claims. Patient/Guardian signature Date,4,13,24,The above information is true to the best of my knowledge. I authorize my insurance benefits be paid directly to the physician. I understand,1,14.0,11.4166666667,False
32,TM000001,0,en-us,300,300,0,0,2550,3300,4,Block,207,2792,2136,258,0,225,2803,2038,32,22,I,2085,2803,3,24,2,,8, swiss,, arial,9,"[{u'CharWidth': 3, u'CharStartX': 2085, u'CharStartY': 2803, u'CharStyle': u'2', u'CharCN': u'9', u'CharID': 0, u'CharValue': u'I', u'CharHeight': 24}]",53,The above information is true to the best of my knowledge. I authorize my insurance benefits be paid directly to the physician. I understand that I am financially responsible for any balance. I also authorize [Name of Practice] or insurance company to release any information required to process my claims. Patient/Guardian signature Date,4,13,24,The above information is true to the best of my knowledge. I authorize my insurance benefits be paid directly to the physician. I understand,1,15.0,11.4166666667,False
33,TM000001,0,en-us,300,300,0,0,2550,3300,4,Block,207,2792,2136,258,0,225,2803,2038,32,23,understand,2102,2803,161,25,2,,8, swiss,, arial,9999999999,"[{u'CharWidth': 15, u'CharStartX': 2102, u'CharStartY': 2810, u'CharStyle': u'2', u'CharCN': u'9', u'CharID': 0, u'CharValue': u'u', u'CharHeight': 18}, {u'CharWidth': 15, u'CharStartX': 2121, u'CharStartY': 2810, u'CharStyle': u'2', u'CharCN': u'9', u'CharID': 1, u'CharValue': u'n', u'CharHeight': 17}, {u'CharWidth': 15, u'CharStartX': 2137, u'CharStartY': 2803, u'CharStyle': u'2', u'CharCN': u'9', u'CharID': 2, u'CharValue': u'd', u'CharHeight': 25}, {u'CharWidth': 15, u'CharStartX': 2157, u'CharStartY': 2810, u'CharStyle': u'2', u'CharCN': u'9', u'CharID': 3, u'CharValue': u'e', u'CharHeight': 18}, {u'CharWidth': 10, u'CharStartX': 2176, u'CharStartY': 2810, u'CharStyle': u'2', u'CharCN': u'9', u'CharID': 4, u'CharValue': u'r', u'CharHeight': 17}, {u'CharWidth': 15, u'CharStartX': 2186, u'CharStartY': 2810, u'CharStyle': u'2', u'CharCN': u'9', u'CharID': 5, u'CharValue': u's', u'CharHeight': 18}, {u'CharWidth': 9, u'CharStartX': 2202, u'CharStartY': 2803, u'CharStyle': u'2', u'CharCN': u'9', u'CharID': 6, u'CharValue': u't', u'CharHeight': 25}, {u'CharWidth': 15, u'CharStartX': 2212, u'CharStartY': 2810, u'CharStyle': u'2', u'CharCN': u'9', u'CharID': 7, u'CharValue': u'a', u'CharHeight': 18}, {u'CharWidth': 15, u'CharStartX': 2232, u'CharStartY': 2810, u'CharStyle': u'2', u'CharCN': u'9', u'CharID': 8, u'CharValue': u'n', u'CharHeight': 17}, {u'CharWidth': 15, u'CharStartX': 2248, u'CharStartY': 2803, u'CharStyle': u'2', u'CharCN': u'9', u'CharID': 9, u'CharValue': u'd', u'CharHeight': 25}]",53,The above information is true to the best of my knowledge. I authorize my insurance benefits be paid directly to the physician. I understand that I am financially responsible for any balance. I also authorize [Name of Practice] or insurance company to release any information required to process my claims. Patient/Guardian signature Date,4,13,24,The above information is true to the best of my knowledge. I authorize my insurance benefits be paid directly to the physician. I understand,1,14.0,11.4166666667,False
34,TM000001,0,en-us,300,300,0,0,2550,3300,4,Block,207,2792,2136,258,1,225,2842,2088,31,0,that,225,2842,55,25,2,,8, swiss,, arial,9999,"[{u'CharWidth': 8, u'CharStartX': 225, u'CharStartY': 2842, u'CharStyle': u'2', u'CharCN': u'9', u'CharID': 0, u'CharValue': u't', u'CharHeight': 25}, {u'CharWidth': 15, u'CharStartX': 236, u'CharStartY': 2842, u'CharStyle': u'2', u'CharCN': u'9', u'CharID': 1, u'CharValue': u'h', u'CharHeight': 25}, {u'CharWidth': 17, u'CharStartX': 253, u'CharStartY': 2848, u'CharStyle': u'2', u'CharCN': u'9', u'CharID': 2, u'CharValue': u'a', u'CharHeight': 19}, {u'CharWidth': 9, u'CharStartX': 271, u'CharStartY': 2842, u'CharStyle': u'2', u'CharCN': u'9', u'CharID': 3, u'CharValue': u't', u'CharHeight': 25}]",53,The above information is true to the best of my knowledge. I authorize my insurance benefits be paid directly to the physician. I understand that I am financially responsible for any balance. I also authorize [Name of Practice] or insurance company to release any information required to process my claims. Patient/Guardian signature Date,4,13,22,that I am financially responsible for any balance. I also authorize [Name of Practice] or insurance company to release any information required,1,0.0,10.9545454545,False
35,TM000001,0,en-us,300,300,0,0,2550,3300,4,Block,207,2792,2136,258,1,225,2842,2088,31,1,I,292,2842,5,25,2,,8, swiss,, arial,9,"[{u'CharWidth': 5, u'CharStartX': 292, u'CharStartY': 2842, u'CharStyle': u'2', u'CharCN': u'9', u'CharID': 0, u'CharValue': u'I', u'CharHeight': 25}]",53,The above information is true to the best of my knowledge. I authorize my insurance benefits be paid directly to the physician. I understand that I am financially responsible for any balance. I also authorize [Name of Practice] or insurance company to release any information required to process my claims. Patient/Guardian signature Date,4,13,22,that I am financially responsible for any balance. I also authorize [Name of Practice] or insurance company to release any information required,1,12.0,10.9545454545,False
36,TM000001,0,en-us,300,300,0,0,2550,3300,4,Block,207,2792,2136,258,1,225,2842,2088,31,2,am,308,2848,44,19,2,,8, swiss,, arial,99,"[{u'CharWidth': 17, u'CharStartX': 308, u'CharStartY': 2848, u'CharStyle': u'2', u'CharCN': u'9', u'CharID': 0, u'CharValue': u'a', u'CharHeight': 19}, {u'CharWidth': 24, u'CharStartX': 328, u'CharStartY': 2848, u'CharStyle': u'2', u'CharCN': u'9', u'CharID': 1, u'CharValue': u'm', u'CharHeight': 19}]",53,The above information is true to the best of my knowledge. I authorize my insurance benefits be paid directly to the physician. I understand that I am financially responsible for any balance. I also authorize [Name of Practice] or insurance company to release any information required to process my claims. Patient/Guardian signature Date,4,13,22,that I am financially responsible for any balance. I also authorize [Name of Practice] or insurance company to release any information required,1,11.0,10.9545454545,False
37,TM000001,0,en-us,300,300,0,0,2550,3300,4,Block,207,2792,2136,258,1,225,2842,2088,31,3,financially,363,2842,148,31,2,,8, swiss,, arial,99999999999,"[{u'CharWidth': 15, u'CharStartX': 363, u'CharStartY': 2842, u'CharStyle': u'2', u'CharCN': u'9', u'CharID': 0, u'CharValue': u'f', u'CharHeight': 25}, {u'CharWidth': 3, u'CharStartX': 375, u'CharStartY': 2848, u'CharStyle': u'2', u'CharCN': u'9', u'CharID': 1, u'CharValue': u'i', u'CharHeight': 19}, {u'CharWidth': 15, u'CharStartX': 382, u'CharStartY': 2848, u'CharStyle': u'2', u'CharCN': u'9', u'CharID': 2, u'CharValue': u'n', u'CharHeight': 19}, {u'CharWidth': 16, u'CharStartX': 400, u'CharStartY': 2848, u'CharStyle': u'2', u'CharCN': u'9', u'CharID': 3, u'CharValue': u'a', u'CharHeight': 19}, {u'CharWidth': 15, u'CharStartX': 420, u'CharStartY': 2848, u'CharStyle': u'2', u'CharCN': u'9', u'CharID': 4, u'CharValue': u'n', u'CharHeight': 19}, {u'CharWidth': 15, u'CharStartX': 437, u'CharStartY': 2848, u'CharStyle': u'2', u'CharCN': u'9', u'CharID': 5, u'CharValue': u'c', u'CharHeight': 19}, {u'CharWidth': 3, u'CharStartX': 455, u'CharStartY': 2842, u'CharStyle': u'2', u'CharCN': u'9', u'CharID': 6, u'CharValue': u'i', u'CharHeight': 25}, {u'CharWidth': 16, u'CharStartX': 461, u'CharStartY': 2848, u'CharStyle': u'2', u'CharCN': u'9', u'CharID': 7, u'CharValue': u'a', u'CharHeight': 19}, {u'CharWidth': 4, u'CharStartX': 481, u'CharStartY': 2842, u'CharStyle': u'2', u'CharCN': u'9', u'CharID': 8, u'CharValue': u'l', u'CharHeight': 25}, {u'CharWidth': 5, u'CharStartX': 487, u'CharStartY': 2842, u'CharStyle': u'2', u'CharCN': u'9', u'CharID': 9, u'CharValue': u'l', u'CharHeight': 25}, {u'CharWidth': 18, u'CharStartX': 493, u'CharStartY': 2848, u'CharStyle': u'2', u'CharCN': u'9', u'CharID': 10, u'CharValue': u'y', u'CharHeight': 25}]",53,The above information is true to the best of my knowledge. I authorize my insurance benefits be paid directly to the physician. I understand that I am financially responsible for any balance. I also authorize [Name of Practice] or insurance company to release any information required to process my claims. Patient/Guardian signature Date,4,13,22,that I am financially responsible for any balance. I also authorize [Name of Practice] or insurance company to release any information required,1,11.0,10.9545454545,False
38,TM000001,0,en-us,300,300,0,0,2550,3300,4,Block,207,2792,2136,258,1,225,2842,2088,31,4,responsible,522,2842,165,31,2,,8, swiss,, arial,99999999999,"[{u'CharWidth': 10, u'CharStartX': 522, u'CharStartY': 2848, u'CharStyle': u'2', u'CharCN': u'9', u'CharID': 0, u'CharValue': u'r', u'CharHeight': 19}, {u'CharWidth': 15, u'CharStartX': 532, u'CharStartY': 2848, u'CharStyle': u'2', u'CharCN': u'9', u'CharID': 1, u'CharValue': u'e', u'CharHeight': 19}, {u'CharWidth': 15, u'CharStartX': 550, u'CharStartY': 2848, u'CharStyle': u'2', u'CharCN': u'9', u'CharID': 2, u'CharValue': u's', u'CharHeight': 19}, {u'CharWidth': 16, u'CharStartX': 567, u'CharStartY': 2848, u'CharStyle': u'2', u'CharCN': u'9', u'CharID': 3, u'CharValue': u'p', u'CharHeight': 25}, {u'CharWidth': 17, u'CharStartX': 585, u'CharStartY': 2848, u'CharStyle': u'2', u'CharCN': u'9', u'CharID': 4, u'CharValue': u'o', u'CharHeight': 19}, {u'CharWidth': 15, u'CharStartX': 605, u'CharStartY': 2848, u'CharStyle': u'2', u'CharCN': u'9', u'CharID': 5, u'CharValue': u'n', u'CharHeight': 19}, {u'CharWidth': 15, u'CharStartX': 622, u'CharStartY': 2848, u'CharStyle': u'2', u'CharCN': u'9', u'CharID': 6, u'CharValue': u's', u'CharHeight': 19}, {u'CharWidth': 3, u'CharStartX': 640, u'CharStartY': 2842, u'CharStyle': u'2', u'CharCN': u'9', u'CharID': 7, u'CharValue': u'i', u'CharHeight': 25}, {u'CharWidth': 15, u'CharStartX': 647, u'CharStartY': 2842, u'CharStyle': u'2', u'CharCN': u'9', u'CharID': 8, u'CharValue': u'b', u'CharHeight': 25}, {u'CharWidth': 4, u'CharStartX': 666, u'CharStartY': 2842, u'CharStyle': u'2', u'CharCN': u'9', u'CharID': 9, u'CharValue': u'l', u'CharHeight': 25}, {u'CharWidth': 15, u'CharStartX': 672, u'CharStartY': 2848, u'CharStyle': u'2', u'CharCN': u'9', u'CharID': 10, u'CharValue': u'e', u'CharHeight': 19}]",53,The above information is true to the best of my knowledge. I authorize my insurance benefits be paid directly to the physician. I understand that I am financially responsible for any balance. I also authorize [Name of Practice] or insurance company to release any information required to process my claims. Patient/Guardian signature Date,4,13,22,that I am financially responsible for any balance. I also authorize [Name of Practice] or insurance company to release any information required,1,11.0,10.9545454545,False
39,TM000001,0,en-us,300,300,0,0,2550,3300,4,Block,207,2792,2136,258,1,225,2842,2088,31,5,for,698,2842,40,25,2,,8, swiss,, arial,999,"[{u'CharWidth': 12, u'CharStartX': 698, u'CharStartY': 2842, u'CharStyle': u'2', u'CharCN': u'9', u'CharID': 0, u'CharValue': u'f', u'CharHeight': 25}, {u'CharWidth': 18, u'CharStartX': 708, u'CharStartY': 2848, u'CharStyle': u'2', u'CharCN': u'9', u'CharID': 1, u'CharValue': u'o', u'CharHeight': 19}, {u'CharWidth': 10, u'CharStartX': 728, u'CharStartY': 2848, u'CharStyle': u'2', u'CharCN': u'9', u'CharID': 2, u'CharValue': u'r', u'CharHeight': 19}]",53,The above information is true to the best of my knowledge. I authorize my insurance benefits be paid directly to the physician. I understand that I am financially responsible for any balance. I also authorize [Name of Practice] or insurance company to release any information required to process my claims. Patient/Guardian signature Date,4,13,22,that I am financially responsible for any balance. I also authorize [Name of Practice] or insurance company to release any information required,1,11.0,10.9545454545,False
40,TM000001,0,en-us,300,300,0,0,2550,3300,4,Block,207,2792,2136,258,1,225,2842,2088,31,6,any,747,2848,54,25,2,,8, swiss,, arial,999,"[{u'CharWidth': 16, u'CharStartX': 747, u'CharStartY': 2848, u'CharStyle': u'2', u'CharCN': u'9', u'CharID': 0, u'CharValue': u'a', u'CharHeight': 19}, {u'CharWidth': 15, u'CharStartX': 767, u'CharStartY': 2848, u'CharStyle': u'2', u'CharCN': u'9', u'CharID': 1, u'CharValue': u'n', u'CharHeight': 19}, {u'CharWidth': 18, u'CharStartX': 783, u'CharStartY': 2848, u'CharStyle': u'2', u'CharCN': u'9', u'CharID': 2, u'CharValue': u'y', u'CharHeight': 25}]",53,The above information is true to the best of my knowledge. I authorize my insurance benefits be paid directly to the physician. I understand that I am financially responsible for any balance. I also authorize [Name of Practice] or insurance company to release any information required to process my claims. Patient/Guardian signature Date,4,13,22,that I am financially responsible for any balance. I also authorize [Name of Practice] or insurance company to release any information required,1,9.0,10.9545454545,False
41,TM000001,0,en-us,300,300,0,0,2550,3300,4,Block,207,2792,2136,258,1,225,2842,2088,31,7,balance.,812,2842,121,25,2,,8, swiss,, arial,99999999,"[{u'CharWidth': 15, u'CharStartX': 812, u'CharStartY': 2842, u'CharStyle': u'2', u'CharCN': u'9', u'CharID': 0, u'CharValue': u'b', u'CharHeight': 25}, {u'CharWidth': 16, u'CharStartX': 830, u'CharStartY': 2848, u'CharStyle': u'2', u'CharCN': u'9', u'CharID': 1, u'CharValue': u'a', u'CharHeight': 19}, {u'CharWidth': 4, u'CharStartX': 848, u'CharStartY': 2842, u'CharStyle': u'2', u'CharCN': u'9', u'CharID': 2, u'CharValue': u'l', u'CharHeight': 25}, {u'CharWidth': 16, u'CharStartX': 856, u'CharStartY': 2848, u'CharStyle': u'2', u'CharCN': u'9', u'CharID': 3, u'CharValue': u'a', u'CharHeight': 19}, {u'CharWidth': 15, u'CharStartX': 875, u'CharStartY': 2848, u'CharStyle': u'2', u'CharCN': u'9', u'CharID': 4, u'CharValue': u'n', u'CharHeight': 19}, {u'CharWidth': 16, u'CharStartX': 892, u'CharStartY': 2848, u'CharStyle': u'2', u'CharCN': u'9', u'CharID': 5, u'CharValue': u'c', u'CharHeight': 19}, {u'CharWidth': 16, u'CharStartX': 910, u'CharStartY': 2848, u'CharStyle': u'2', u'CharCN': u'9', u'CharID': 6, u'CharValue': u'e', u'CharHeight': 19}, {u'CharWidth': 3, u'CharStartX': 930, u'CharStartY': 2862, u'CharStyle': u'2', u'CharCN': u'9', u'CharID': 7, u'CharValue': u'.', u'CharHeight': 5}]",53,The above information is true to the best of my knowledge. I authorize my insurance benefits be paid directly to the physician. I understand that I am financially responsible for any balance. I also authorize [Name of Practice] or insurance company to release any information required to process my claims. Patient/Guardian signature Date,4,13,22,that I am financially responsible for any balance. I also authorize [Name of Practice] or insurance company to release any information required,1,11.0,10.9545454545,False
42,TM000001,0,en-us,300,300,0,0,2550,3300,4,Block,207,2792,2136,258,1,225,2842,2088,31,8,I,948,2842,4,25,2,,8, swiss,, arial,9,"[{u'CharWidth': 4, u'CharStartX': 948, u'CharStartY': 2842, u'CharStyle': u'2', u'CharCN': u'9', u'CharID': 0, u'CharValue': u'I', u'CharHeight': 25}]",53,The above information is true to the best of my knowledge. I authorize my insurance benefits be paid directly to the physician. I understand that I am financially responsible for any balance. I also authorize [Name of Practice] or insurance company to release any information required to process my claims. Patient/Guardian signature Date,4,13,22,that I am financially responsible for any balance. I also authorize [Name of Practice] or insurance company to release any information required,1,15.0,10.9545454545,False
43,TM000001,0,en-us,300,300,0,0,2550,3300,4,Block,207,2792,2136,258,1,225,2842,2088,31,9,also,965,2842,60,25,2,,8, swiss,, arial,9999,"[{u'CharWidth': 16, u'CharStartX': 965, u'CharStartY': 2848, u'CharStyle': u'2', u'CharCN': u'9', u'CharID': 0, u'CharValue': u'a', u'CharHeight': 19}, {u'CharWidth': 3, u'CharStartX': 985, u'CharStartY': 2842, u'CharStyle': u'2', u'CharCN': u'9', u'CharID': 1, u'CharValue': u'l', u'CharHeight': 25}, {u'CharWidth': 15, u'CharStartX': 991, u'CharStartY': 2848, u'CharStyle': u'2', u'CharCN': u'9', u'CharID': 2, u'CharValue': u's', u'CharHeight': 19}, {u'CharWidth': 18, u'CharStartX': 1007, u'CharStartY': 2848, u'CharStyle': u'2', u'CharCN': u'9', u'CharID': 3, u'CharValue': u'o', u'CharHeight': 19}]",53,The above information is true to the best of my knowledge. I authorize my insurance benefits be paid directly to the physician. I understand that I am financially responsible for any balance. I also authorize [Name of Practice] or insurance company to release any information required to process my claims. Patient/Guardian signature Date,4,13,22,that I am financially responsible for any balance. I also authorize [Name of Practice] or insurance company to release any information required,1,13.0,10.9545454545,False
44,TM000001,0,en-us,300,300,0,0,2550,3300,4,Block,207,2792,2136,258,1,225,2842,2088,31,10,authorize,1036,2842,134,25,2,,8, swiss,, arial,999999999,"[{u'CharWidth': 16, u'CharStartX': 1036, u'CharStartY': 2848, u'CharStyle': u'2', u'CharCN': u'9', u'CharID': 0, u'CharValue': u'a', u'CharHeight': 19}, {u'CharWidth': 15, u'CharStartX': 1055, u'CharStartY': 2848, u'CharStyle': u'2', u'CharCN': u'9', u'CharID': 1, u'CharValue': u'u', u'CharHeight': 19}, {u'CharWidth': 9, u'CharStartX': 1072, u'CharStartY': 2842, u'CharStyle': u'2', u'CharCN': u'9', u'CharID': 2, u'CharValue': u't', u'CharHeight': 25}, {u'CharWidth': 15, u'CharStartX': 1082, u'CharStartY': 2842, u'CharStyle': u'2', u'CharCN': u'9', u'CharID': 3, u'CharValue': u'h', u'CharHeight': 25}, {u'CharWidth': 17, u'CharStartX': 1100, u'CharStartY': 2848, u'CharStyle': u'2', u'CharCN': u'9', u'CharID': 4, u'CharValue': u'o', u'CharHeight': 19}, {u'CharWidth': 10, u'CharStartX': 1120, u'CharStartY': 2848, u'CharStyle': u'2', u'CharCN': u'9', u'CharID': 5, u'CharValue': u'r', u'CharHeight': 19}, {u'CharWidth': 4, u'CharStartX': 1131, u'CharStartY': 2842, u'CharStyle': u'2', u'CharCN': u'9', u'CharID': 6, u'CharValue': u'i', u'CharHeight': 25}, {u'CharWidth': 16, u'CharStartX': 1136, u'CharStartY': 2848, u'CharStyle': u'2', u'CharCN': u'9', u'CharID': 7, u'CharValue': u'z', u'CharHeight': 19}, {u'CharWidth': 17, u'CharStartX': 1153, u'CharStartY': 2848, u'CharStyle': u'2', u'CharCN': u'9', u'CharID': 8, u'CharValue': u'e', u'CharHeight': 19}]",53,The above information is true to the best of my knowledge. I authorize my insurance benefits be paid directly to the physician. I understand that I am financially responsible for any balance. I also authorize [Name of Practice] or insurance company to release any information required to process my claims. Patient/Guardian signature Date,4,13,22,that I am financially responsible for any balance. I also authorize [Name of Practice] or insurance company to release any information required,1,11.0,10.9545454545,False
45,TM000001,0,en-us,300,300,0,0,2550,3300,4,Block,207,2792,2136,258,1,225,2842,2088,31,11,[Name,1182,2842,95,31,2,,8, swiss,, arial,99999,"[{u'CharWidth': 8, u'CharStartX': 1182, u'CharStartY': 2842, u'CharStyle': u'2', u'CharCN': u'9', u'CharID': 0, u'CharValue': u'[', u'CharHeight': 31}, {u'CharWidth': 20, u'CharStartX': 1192, u'CharStartY': 2842, u'CharStyle': u'2', u'CharCN': u'9', u'CharID': 1, u'CharValue': u'N', u'CharHeight': 25}, {u'CharWidth': 16, u'CharStartX': 1215, u'CharStartY': 2848, u'CharStyle': u'2', u'CharCN': u'9', u'CharID': 2, u'CharValue': u'a', u'CharHeight': 19}, {u'CharWidth': 23, u'CharStartX': 1235, u'CharStartY': 2848, u'CharStyle': u'2', u'CharCN': u'9', u'CharID': 3, u'CharValue': u'm', u'CharHeight': 19}, {u'CharWidth': 15, u'CharStartX': 1262, u'CharStartY': 2848, u'CharStyle': u'2', u'CharCN': u'9', u'CharID': 4, u'CharValue': u'e', u'CharHeight': 19}]",53,The above information is true to the best of my knowledge. I authorize my insurance benefits be paid directly to the physician. I understand that I am financially responsible for any balance. I also authorize [Name of Practice] or insurance company to release any information required to process my claims. Patient/Guardian signature Date,4,13,22,that I am financially responsible for any balance. I also authorize [Name of Practice] or insurance company to release any information required,1,12.0,10.9545454545,False
46,TM000001,0,en-us,300,300,0,0,2550,3300,4,Block,207,2792,2136,258,1,225,2842,2088,31,12,of,1290,2842,27,25,2,,8, swiss,, arial,99,"[{u'CharWidth': 17, u'CharStartX': 1290, u'CharStartY': 2848, u'CharStyle': u'2', u'CharCN': u'9', u'CharID': 0, u'CharValue': u'o', u'CharHeight': 19}, {u'CharWidth': 10, u'CharStartX': 1307, u'CharStartY': 2842, u'CharStyle': u'2', u'CharCN': u'9', u'CharID': 1, u'CharValue': u'f', u'CharHeight': 25}]",53,The above information is true to the best of my knowledge. I authorize my insurance benefits be paid directly to the physician. I understand that I am financially responsible for any balance. I also authorize [Name of Practice] or insurance company to release any information required to process my claims. Patient/Guardian signature Date,4,13,22,that I am financially responsible for any balance. I also authorize [Name of Practice] or insurance company to release any information required,1,13.0,10.9545454545,False
47,TM000001,0,en-us,300,300,0,0,2550,3300,4,Block,207,2792,2136,258,1,225,2842,2088,31,13,Practice],1327,2842,126,31,2,,8, swiss,, arial,999999999,"[{u'CharWidth': 20, u'CharStartX': 1327, u'CharStartY': 2842, u'CharStyle': u'2', u'CharCN': u'9', u'CharID': 0, u'CharValue': u'P', u'CharHeight': 25}, {u'CharWidth': 10, u'CharStartX': 1350, u'CharStartY': 2848, u'CharStyle': u'2', u'CharCN': u'9', u'CharID': 1, u'CharValue': u'r', u'CharHeight': 19}, {u'CharWidth': 16, u'CharStartX': 1360, u'CharStartY': 2848, u'CharStyle': u'2', u'CharCN': u'9', u'CharID': 2, u'CharValue': u'a', u'CharHeight': 19}, {u'CharWidth': 16, u'CharStartX': 1377, u'CharStartY': 2848, u'CharStyle': u'2', u'CharCN': u'9', u'CharID': 3, u'CharValue': u'c', u'CharHeight': 19}, {u'CharWidth': 9, u'CharStartX': 1393, u'CharStartY': 2842, u'CharStyle': u'2', u'CharCN': u'9', u'CharID': 4, u'CharValue': u't', u'CharHeight': 25}, {u'CharWidth': 3, u'CharStartX': 1405, u'CharStartY': 2842, u'CharStyle': u'2', u'CharCN': u'9', u'CharID': 5, u'CharValue': u'i', u'CharHeight': 25}, {u'CharWidth': 15, u'CharStartX': 1412, u'CharStartY': 2848, u'CharStyle': u'2', u'CharCN': u'9', u'CharID': 6, u'CharValue': u'c', u'CharHeight': 19}, {u'CharWidth': 16, u'CharStartX': 1427, u'CharStartY': 2848, u'CharStyle': u'2', u'CharCN': u'9', u'CharID': 7, u'CharValue': u'e', u'CharHeight': 19}, {u'CharWidth': 7, u'CharStartX': 1446, u'CharStartY': 2842, u'CharStyle': u'2', u'CharCN': u'9', u'CharID': 8, u'CharValue': u']', u'CharHeight': 31}]",53,The above information is true to the best of my knowledge. I authorize my insurance benefits be paid directly to the physician. I understand that I am financially responsible for any balance. I also authorize [Name of Practice] or insurance company to release any information required to process my claims. Patient/Guardian signature Date,4,13,22,that I am financially responsible for any balance. I also authorize [Name of Practice] or insurance company to release any information required,1,10.0,10.9545454545,False
48,TM000001,0,en-us,300,300,0,0,2550,3300,4,Block,207,2792,2136,258,1,225,2842,2088,31,14,or,1466,2848,29,19,2,,8, swiss,, arial,99,"[{u'CharWidth': 16, u'CharStartX': 1466, u'CharStartY': 2848, u'CharStyle': u'2', u'CharCN': u'9', u'CharID': 0, u'CharValue': u'o', u'CharHeight': 19}, {u'CharWidth': 10, u'CharStartX': 1485, u'CharStartY': 2848, u'CharStyle': u'2', u'CharCN': u'9', u'CharID': 1, u'CharValue': u'r', u'CharHeight': 19}]",53,The above information is true to the best of my knowledge. I authorize my insurance benefits be paid directly to the physician. I understand that I am financially responsible for any balance. I also authorize [Name of Practice] or insurance company to release any information required to process my claims. Patient/Guardian signature Date,4,13,22,that I am financially responsible for any balance. I also authorize [Name of Practice] or insurance company to release any information required,1,13.0,10.9545454545,False
49,TM000001,0,en-us,300,300,0,0,2550,3300,4,Block,207,2792,2136,258,1,225,2842,2088,31,15,insurance,1505,2842,141,25,2,,8, swiss,, arial,999999999,"[{u'CharWidth': 3, u'CharStartX': 1505, u'CharStartY': 2842, u'CharStyle': u'2', u'CharCN': u'9', u'CharID': 0, u'CharValue': u'i', u'CharHeight': 25}, {u'CharWidth': 15, u'CharStartX': 1512, u'CharStartY': 2848, u'CharStyle': u'2', u'CharCN': u'9', u'CharID': 1, u'CharValue': u'n', u'CharHeight': 19}, {u'CharWidth': 15, u'CharStartX': 1530, u'CharStartY': 2848, u'CharStyle': u'2', u'CharCN': u'9', u'CharID': 2, u'CharValue': u's', u'CharHeight': 19}, {u'CharWidth': 15, u'CharStartX': 1547, u'CharStartY': 2848, u'CharStyle': u'2', u'CharCN': u'9', u'CharID': 3, u'CharValue': u'u', u'CharHeight': 19}, {u'CharWidth': 10, u'CharStartX': 1567, u'CharStartY': 2848, u'CharStyle': u'2', u'CharCN': u'9', u'CharID': 4, u'CharValue': u'r', u'CharHeight': 19}, {u'CharWidth': 15, u'CharStartX': 1577, u'CharStartY': 2848, u'CharStyle': u'2', u'CharCN': u'9', u'CharID': 5, u'CharValue': u'a', u'CharHeight': 19}, {u'CharWidth': 15, u'CharStartX': 1596, u'CharStartY': 2848, u'CharStyle': u'2', u'CharCN': u'9', u'CharID': 6, u'CharValue': u'n', u'CharHeight': 19}, {u'CharWidth': 15, u'CharStartX': 1613, u'CharStartY': 2848, u'CharStyle': u'2', u'CharCN': u'9', u'CharID': 7, u'CharValue': u'c', u'CharHeight': 19}, {u'CharWidth': 16, u'CharStartX': 1630, u'CharStartY': 2848, u'CharStyle': u'2', u'CharCN': u'9', u'CharID': 8, u'CharValue': u'e', u'CharHeight': 19}]",53,The above information is true to the best of my knowledge. I authorize my insurance benefits be paid directly to the physician. I understand that I am financially responsible for any balance. I also authorize [Name of Practice] or insurance company to release any information required to process my claims. Patient/Guardian signature Date,4,13,22,that I am financially responsible for any balance. I also authorize [Name of Practice] or insurance company to release any information required,1,10.0,10.9545454545,False
50,TM000001,0,en-us,300,300,0,0,2550,3300,4,Block,207,2792,2136,258,1,225,2842,2088,31,16,company,1657,2848,135,25,2,,8, swiss,, arial,9999999,"[{u'CharWidth': 16, u'CharStartX': 1657, u'CharStartY': 2848, u'CharStyle': u'2', u'CharCN': u'9', u'CharID': 0, u'CharValue': u'c', u'CharHeight': 19}, {u'CharWidth': 17, u'CharStartX': 1675, u'CharStartY': 2848, u'CharStyle': u'2', u'CharCN': u'9', u'CharID': 1, u'CharValue': u'o', u'CharHeight': 19}, {u'CharWidth': 24, u'CharStartX': 1693, u'CharStartY': 2848, u'CharStyle': u'2', u'CharCN': u'9', u'CharID': 2, u'CharValue': u'm', u'CharHeight': 19}, {u'CharWidth': 15, u'CharStartX': 1722, u'CharStartY': 2848, u'CharStyle': u'2', u'CharCN': u'9', u'CharID': 3, u'CharValue': u'p', u'CharHeight': 25}, {u'CharWidth': 16, u'CharStartX': 1740, u'CharStartY': 2848, u'CharStyle': u'2', u'CharCN': u'9', u'CharID': 4, u'CharValue': u'a', u'CharHeight': 19}, {u'CharWidth': 15, u'CharStartX': 1758, u'CharStartY': 2848, u'CharStyle': u'2', u'CharCN': u'9', u'CharID': 5, u'CharValue': u'n', u'CharHeight': 19}, {u'CharWidth': 16, u'CharStartX': 1776, u'CharStartY': 2848, u'CharStyle': u'2', u'CharCN': u'9', u'CharID': 6, u'CharValue': u'y', u'CharHeight': 25}]",53,The above information is true to the best of my knowledge. I authorize my insurance benefits be paid directly to the physician. I understand that I am financially responsible for any balance. I also authorize [Name of Practice] or insurance company to release any information required to process my claims. Patient/Guardian signature Date,4,13,22,that I am financially responsible for any balance. I also authorize [Name of Practice] or insurance company to release any information required,1,11.0,10.9545454545,False
51,TM000001,0,en-us,300,300,0,0,2550,3300,4,Block,207,2792,2136,258,1,225,2842,2088,31,17,to,1802,2842,26,25,2,,8, swiss,, arial,99,"[{u'CharWidth': 9, u'CharStartX': 1802, u'CharStartY': 2842, u'CharStyle': u'2', u'CharCN': u'9', u'CharID': 0, u'CharValue': u't', u'CharHeight': 25}, {u'CharWidth': 16, u'CharStartX': 1812, u'CharStartY': 2848, u'CharStyle': u'2', u'CharCN': u'9', u'CharID': 1, u'CharValue': u'o', u'CharHeight': 19}]",53,The above information is true to the best of my knowledge. I authorize my insurance benefits be paid directly to the physician. I understand that I am financially responsible for any balance. I also authorize [Name of Practice] or insurance company to release any information required to process my claims. Patient/Guardian signature Date,4,13,22,that I am financially responsible for any balance. I also authorize [Name of Practice] or insurance company to release any information required,1,10.0,10.9545454545,False
52,TM000001,0,en-us,300,300,0,0,2550,3300,4,Block,207,2792,2136,258,1,225,2842,2088,31,18,release,1841,2842,106,25,2,,8, swiss,, arial,9999999,"[{u'CharWidth': 10, u'CharStartX': 1841, u'CharStartY': 2848, u'CharStyle': u'2', u'CharCN': u'9', u'CharID': 0, u'CharValue': u'r', u'CharHeight': 19}, {u'CharWidth': 16, u'CharStartX': 1851, u'CharStartY': 2848, u'CharStyle': u'2', u'CharCN': u'9', u'CharID': 1, u'CharValue': u'e', u'CharHeight': 19}, {u'CharWidth': 3, u'CharStartX': 1870, u'CharStartY': 2842, u'CharStyle': u'2', u'CharCN': u'9', u'CharID': 2, u'CharValue': u'l', u'CharHeight': 25}, {u'CharWidth': 15, u'CharStartX': 1877, u'CharStartY': 2848, u'CharStyle': u'2', u'CharCN': u'9', u'CharID': 3, u'CharValue': u'e', u'CharHeight': 19}, {u'CharWidth': 16, u'CharStartX': 1895, u'CharStartY': 2848, u'CharStyle': u'2', u'CharCN': u'9', u'CharID': 4, u'CharValue': u'a', u'CharHeight': 19}, {u'CharWidth': 15, u'CharStartX': 1913, u'CharStartY': 2848, u'CharStyle': u'2', u'CharCN': u'9', u'CharID': 5, u'CharValue': u's', u'CharHeight': 19}, {u'CharWidth': 16, u'CharStartX': 1931, u'CharStartY': 2848, u'CharStyle': u'2', u'CharCN': u'9', u'CharID': 6, u'CharValue': u'e', u'CharHeight': 19}]",53,The above information is true to the best of my knowledge. I authorize my insurance benefits be paid directly to the physician. I understand that I am financially responsible for any balance. I also authorize [Name of Practice] or insurance company to release any information required to process my claims. Patient/Guardian signature Date,4,13,22,that I am financially responsible for any balance. I also authorize [Name of Practice] or insurance company to release any information required,1,13.0,10.9545454545,False
53,TM000001,0,en-us,300,300,0,0,2550,3300,4,Block,207,2792,2136,258,1,225,2842,2088,31,19,any,1957,2848,54,25,2,,8, swiss,, arial,999,"[{u'CharWidth': 16, u'CharStartX': 1957, u'CharStartY': 2848, u'CharStyle': u'2', u'CharCN': u'9', u'CharID': 0, u'CharValue': u'a', u'CharHeight': 19}, {u'CharWidth': 15, u'CharStartX': 1977, u'CharStartY': 2848, u'CharStyle': u'2', u'CharCN': u'9', u'CharID': 1, u'CharValue': u'n', u'CharHeight': 19}, {u'CharWidth': 18, u'CharStartX': 1993, u'CharStartY': 2848, u'CharStyle': u'2', u'CharCN': u'9', u'CharID': 2, u'CharValue': u'y', u'CharHeight': 25}]",53,The above information is true to the best of my knowledge. I authorize my insurance benefits be paid directly to the physician. I understand that I am financially responsible for any balance. I also authorize [Name of Practice] or insurance company to release any information required to process my claims. Patient/Guardian signature Date,4,13,22,that I am financially responsible for any balance. I also authorize [Name of Practice] or insurance company to release any information required,1,10.0,10.9545454545,False
54,TM000001,0,en-us,300,300,0,0,2550,3300,4,Block,207,2792,2136,258,1,225,2842,2088,31,20,information,2022,2842,161,25,2,,8, swiss,, arial,99999999999,"[{u'CharWidth': 4, u'CharStartX': 2022, u'CharStartY': 2842, u'CharStyle': u'2', u'CharCN': u'9', u'CharID': 0, u'CharValue': u'i', u'CharHeight': 25}, {u'CharWidth': 15, u'CharStartX': 2030, u'CharStartY': 2848, u'CharStyle': u'2', u'CharCN': u'9', u'CharID': 1, u'CharValue': u'n', u'CharHeight': 19}, {u'CharWidth': 11, u'CharStartX': 2046, u'CharStartY': 2842, u'CharStyle': u'2', u'CharCN': u'9', u'CharID': 2, u'CharValue': u'f', u'CharHeight': 25}, {u'CharWidth': 16, u'CharStartX': 2057, u'CharStartY': 2848, u'CharStyle': u'2', u'CharCN': u'9', u'CharID': 3, u'CharValue': u'o', u'CharHeight': 19}, {u'CharWidth': 10, u'CharStartX': 2076, u'CharStartY': 2848, u'CharStyle': u'2', u'CharCN': u'9', u'CharID': 4, u'CharValue': u'r', u'CharHeight': 19}, {u'CharWidth': 24, u'CharStartX': 2087, u'CharStartY': 2848, u'CharStyle': u'2', u'CharCN': u'9', u'CharID': 5, u'CharValue': u'm', u'CharHeight': 19}, {u'CharWidth': 17, u'CharStartX': 2113, u'CharStartY': 2848, u'CharStyle': u'2', u'CharCN': u'9', u'CharID': 6, u'CharValue': u'a', u'CharHeight': 19}, {u'CharWidth': 9, u'CharStartX': 2131, u'CharStartY': 2842, u'CharStyle': u'2', u'CharCN': u'9', u'CharID': 7, u'CharValue': u't', u'CharHeight': 25}, {u'CharWidth': 5, u'CharStartX': 2142, u'CharStartY': 2842, u'CharStyle': u'2', u'CharCN': u'9', u'CharID': 8, u'CharValue': u'i', u'CharHeight': 25}, {u'CharWidth': 18, u'CharStartX': 2148, u'CharStartY': 2848, u'CharStyle': u'2', u'CharCN': u'9', u'CharID': 9, u'CharValue': u'o', u'CharHeight': 19}, {u'CharWidth': 15, u'CharStartX': 2168, u'CharStartY': 2848, u'CharStyle': u'2', u'CharCN': u'9', u'CharID': 10, u'CharValue': u'n', u'CharHeight': 19}]",53,The above information is true to the best of my knowledge. I authorize my insurance benefits be paid directly to the physician. I understand that I am financially responsible for any balance. I also authorize [Name of Practice] or insurance company to release any information required to process my claims. Patient/Guardian signature Date,4,13,22,that I am financially responsible for any balance. I also authorize [Name of Practice] or insurance company to release any information required,1,11.0,10.9545454545,False
55,TM000001,0,en-us,300,300,0,0,2550,3300,4,Block,207,2792,2136,258,1,225,2842,2088,31,21,required,2196,2842,117,31,2,,8, swiss,, arial,99999999,"[{u'CharWidth': 10, u'CharStartX': 2196, u'CharStartY': 2848, u'CharStyle': u'2', u'CharCN': u'9', u'CharID': 0, u'CharValue': u'r', u'CharHeight': 19}, {u'CharWidth': 16, u'CharStartX': 2206, u'CharStartY': 2848, u'CharStyle': u'2', u'CharCN': u'9', u'CharID': 1, u'CharValue': u'e', u'CharHeight': 19}, {u'CharWidth': 16, u'CharStartX': 2225, u'CharStartY': 2848, u'CharStyle': u'2', u'CharCN': u'9', u'CharID': 2, u'CharValue': u'q', u'CharHeight': 25}, {u'CharWidth': 15, u'CharStartX': 2245, u'CharStartY': 2848, u'CharStyle': u'2', u'CharCN': u'9', u'CharID': 3, u'CharValue': u'u', u'CharHeight': 19}, {u'CharWidth': 5, u'CharStartX': 2262, u'CharStartY': 2842, u'CharStyle': u'2', u'CharCN': u'9', u'CharID': 4, u'CharValue': u'i', u'CharHeight': 25}, {u'CharWidth': 10, u'CharStartX': 2270, u'CharStartY': 2848, u'CharStyle': u'2', u'CharCN': u'9', u'CharID': 5, u'CharValue': u'r', u'CharHeight': 19}, {u'CharWidth': 16, u'CharStartX': 2281, u'CharStartY': 2848, u'CharStyle': u'2', u'CharCN': u'9', u'CharID': 6, u'CharValue': u'e', u'CharHeight': 19}, {u'CharWidth': 15, u'CharStartX': 2298, u'CharStartY': 2842, u'CharStyle': u'2', u'CharCN': u'9', u'CharID': 7, u'CharValue': u'd', u'CharHeight': 25}]",53,The above information is true to the best of my knowledge. I authorize my insurance benefits be paid directly to the physician. I understand that I am financially responsible for any balance. I also authorize [Name of Practice] or insurance company to release any information required to process my claims. Patient/Guardian signature Date,4,13,22,that I am financially responsible for any balance. I also authorize [Name of Practice] or insurance company to release any information required,1,13.0,10.9545454545,False
56,TM000001,0,en-us,300,300,0,0,2550,3300,4,Block,207,2792,2136,258,2,225,2881,317,31,0,to,225,2881,27,25,2,,8, swiss,, arial,99,"[{u'CharWidth': 8, u'CharStartX': 225, u'CharStartY': 2881, u'CharStyle': u'2', u'CharCN': u'9', u'CharID': 0, u'CharValue': u't', u'CharHeight': 25}, {u'CharWidth': 17, u'CharStartX': 235, u'CharStartY': 2887, u'CharStyle': u'2', u'CharCN': u'9', u'CharID': 1, u'CharValue': u'o', u'CharHeight': 19}]",53,The above information is true to the best of my knowledge. I authorize my insurance benefits be paid directly to the physician. I understand that I am financially responsible for any balance. I also authorize [Name of Practice] or insurance company to release any information required to process my claims. Patient/Guardian signature Date,4,13,4,to process my claims.,1,0.0,8.5,False
57,TM000001,0,en-us,300,300,0,0,2550,3300,4,Block,207,2792,2136,258,2,225,2881,317,31,1,process,263,2887,114,25,2,,8, swiss,, arial,9999999,"[{u'CharWidth': 17, u'CharStartX': 263, u'CharStartY': 2887, u'CharStyle': u'2', u'CharCN': u'9', u'CharID': 0, u'CharValue': u'p', u'CharHeight': 25}, {u'CharWidth': 10, u'CharStartX': 282, u'CharStartY': 2887, u'CharStyle': u'2', u'CharCN': u'9', u'CharID': 1, u'CharValue': u'r', u'CharHeight': 18}, {u'CharWidth': 18, u'CharStartX': 292, u'CharStartY': 2887, u'CharStyle': u'2', u'CharCN': u'9', u'CharID': 2, u'CharValue': u'o', u'CharHeight': 19}, {u'CharWidth': 16, u'CharStartX': 311, u'CharStartY': 2887, u'CharStyle': u'2', u'CharCN': u'9', u'CharID': 3, u'CharValue': u'c', u'CharHeight': 19}, {u'CharWidth': 16, u'CharStartX': 327, u'CharStartY': 2887, u'CharStyle': u'2', u'CharCN': u'9', u'CharID': 4, u'CharValue': u'e', u'CharHeight': 19}, {u'CharWidth': 15, u'CharStartX': 346, u'CharStartY': 2887, u'CharStyle': u'2', u'CharCN': u'9', u'CharID': 5, u'CharValue': u's', u'CharHeight': 19}, {u'CharWidth': 15, u'CharStartX': 362, u'CharStartY': 2887, u'CharStyle': u'2', u'CharCN': u'9', u'CharID': 6, u'CharValue': u's', u'CharHeight': 19}]",53,The above information is true to the best of my knowledge. I authorize my insurance benefits be paid directly to the physician. I understand that I am financially responsible for any balance. I also authorize [Name of Practice] or insurance company to release any information required to process my claims. Patient/Guardian signature Date,4,13,4,to process my claims.,1,11.0,8.5,False
58,TM000001,0,en-us,300,300,0,0,2550,3300,4,Block,207,2792,2136,258,2,225,2881,317,31,2,my,390,2887,42,25,2,,8, swiss,, arial,99,"[{u'CharWidth': 23, u'CharStartX': 390, u'CharStartY': 2887, u'CharStyle': u'2', u'CharCN': u'9', u'CharID': 0, u'CharValue': u'm', u'CharHeight': 18}, {u'CharWidth': 16, u'CharStartX': 416, u'CharStartY': 2887, u'CharStyle': u'2', u'CharCN': u'9', u'CharID': 1, u'CharValue': u'y', u'CharHeight': 25}]",53,The above information is true to the best of my knowledge. I authorize my insurance benefits be paid directly to the physician. I understand that I am financially responsible for any balance. I also authorize [Name of Practice] or insurance company to release any information required to process my claims. Patient/Guardian signature Date,4,13,4,to process my claims.,1,13.0,8.5,False
59,TM000001,0,en-us,300,300,0,0,2550,3300,4,Block,207,2792,2136,258,2,225,2881,317,31,3,claims.,442,2881,100,25,2,,8, swiss,, arial,9999999,"[{u'CharWidth': 16, u'CharStartX': 442, u'CharStartY': 2887, u'CharStyle': u'2', u'CharCN': u'9', u'CharID': 0, u'CharValue': u'c', u'CharHeight': 19}, {u'CharWidth': 3, u'CharStartX': 460, u'CharStartY': 2881, u'CharStyle': u'2', u'CharCN': u'9', u'CharID': 1, u'CharValue': u'l', u'CharHeight': 24}, {u'CharWidth': 15, u'CharStartX': 467, u'CharStartY': 2887, u'CharStyle': u'2', u'CharCN': u'9', u'CharID': 2, u'CharValue': u'a', u'CharHeight': 19}, {u'CharWidth': 4, u'CharStartX': 486, u'CharStartY': 2881, u'CharStyle': u'2', u'CharCN': u'9', u'CharID': 3, u'CharValue': u'i', u'CharHeight': 24}, {u'CharWidth': 24, u'CharStartX': 493, u'CharStartY': 2887, u'CharStyle': u'2', u'CharCN': u'9', u'CharID': 4, u'CharValue': u'm', u'CharHeight': 18}, {u'CharWidth': 15, u'CharStartX': 521, u'CharStartY': 2887, u'CharStyle': u'2', u'CharCN': u'9', u'CharID': 5, u'CharValue': u's', u'CharHeight': 19}, {u'CharWidth': 4, u'CharStartX': 538, u'CharStartY': 2901, u'CharStyle': u'2', u'CharCN': u'9', u'CharID': 6, u'CharValue': u'.', u'CharHeight': 4}]",53,The above information is true to the best of my knowledge. I authorize my insurance benefits be paid directly to the physician. I understand that I am financially responsible for any balance. I also authorize [Name of Practice] or insurance company to release any information required to process my claims. Patient/Guardian signature Date,4,13,4,to process my claims.,1,10.0,8.5,False
60,TM000001,0,en-us,300,300,0,0,2550,3300,4,Block,207,2792,2136,258,3,266,3003,1485,32,0,Patient/Guardian,266,3003,249,25,2,,8, swiss,, arial,9999999999999999,"[{u'CharWidth': 21, u'CharStartX': 266, u'CharStartY': 3003, u'CharStyle': u'2', u'CharCN': u'9', u'CharID': 0, u'CharValue': u'P', u'CharHeight': 24}, {u'CharWidth': 18, u'CharStartX': 287, u'CharStartY': 3010, u'CharStyle': u'2', u'CharCN': u'9', u'CharID': 1, u'CharValue': u'a', u'CharHeight': 18}, {u'CharWidth': 10, u'CharStartX': 307, u'CharStartY': 3003, u'CharStyle': u'2', u'CharCN': u'9', u'CharID': 2, u'CharValue': u't', u'CharHeight': 25}, {u'CharWidth': 7, u'CharStartX': 316, u'CharStartY': 3003, u'CharStyle': u'2', u'CharCN': u'9', u'CharID': 3, u'CharValue': u'i', u'CharHeight': 24}, {u'CharWidth': 18, u'CharStartX': 322, u'CharStartY': 3010, u'CharStyle': u'2', u'CharCN': u'9', u'CharID': 4, u'CharValue': u'e', u'CharHeight': 18}, {u'CharWidth': 16, u'CharStartX': 342, u'CharStartY': 3010, u'CharStyle': u'2', u'CharCN': u'9', u'CharID': 5, u'CharValue': u'n', u'CharHeight': 17}, {u'CharWidth': 10, u'CharStartX': 361, u'CharStartY': 3003, u'CharStyle': u'2', u'CharCN': u'9', u'CharID': 6, u'CharValue': u't', u'CharHeight': 25}, {u'CharWidth': 15, u'CharStartX': 367, u'CharStartY': 3003, u'CharStyle': u'2', u'CharCN': u'9', u'CharID': 7, u'CharValue': u'/', u'CharHeight': 25}, {u'CharWidth': 22, u'CharStartX': 381, u'CharStartY': 3003, u'CharStyle': u'2', u'CharCN': u'9', u'CharID': 8, u'CharValue': u'G', u'CharHeight': 25}, {u'CharWidth': 16, u'CharStartX': 406, u'CharStartY': 3010, u'CharStyle': u'2', u'CharCN': u'9', u'CharID': 9, u'CharValue': u'u', u'CharHeight': 18}, {u'CharWidth': 18, u'CharStartX': 423, u'CharStartY': 3010, u'CharStyle': u'2', u'CharCN': u'9', u'CharID': 10, u'CharValue': u'a', u'CharHeight': 18}, {u'CharWidth': 13, u'CharStartX': 442, u'CharStartY': 3010, u'CharStyle': u'2', u'CharCN': u'9', u'CharID': 11, u'CharValue': u'r', u'CharHeight': 17}, {u'CharWidth': 20, u'CharStartX': 452, u'CharStartY': 3003, u'CharStyle': u'2', u'CharCN': u'9', u'CharID': 12, u'CharValue': u'd', u'CharHeight': 25}, {u'CharWidth': 8, u'CharStartX': 472, u'CharStartY': 3003, u'CharStyle': u'2', u'CharCN': u'9', u'CharID': 13, u'CharValue': u'i', u'CharHeight': 24}, {u'CharWidth': 18, u'CharStartX': 478, u'CharStartY': 3010, u'CharStyle': u'2', u'CharCN': u'9', u'CharID': 14, u'CharValue': u'a', u'CharHeight': 18}, {u'CharWidth': 18, u'CharStartX': 497, u'CharStartY': 3010, u'CharStyle': u'2', u'CharCN': u'9', u'CharID': 15, u'CharValue': u'n', u'CharHeight': 17}]",53,The above information is true to the best of my knowledge. I authorize my insurance benefits be paid directly to the physician. I understand that I am financially responsible for any balance. I also authorize [Name of Practice] or insurance company to release any information required to process my claims. Patient/Guardian signature Date,4,13,3,Patient/Guardian signature Date,1,0.0,343.666666667,False
61,TM000001,0,en-us,300,300,0,0,2550,3300,4,Block,207,2792,2136,258,3,266,3003,1485,32,1,signature,525,3003,136,32,2,,8, swiss,, arial,999999999,"[{u'CharWidth': 16, u'CharStartX': 525, u'CharStartY': 3010, u'CharStyle': u'2', u'CharCN': u'9', u'CharID': 0, u'CharValue': u's', u'CharHeight': 18}, {u'CharWidth': 8, u'CharStartX': 542, u'CharStartY': 3003, u'CharStyle': u'2', u'CharCN': u'9', u'CharID': 1, u'CharValue': u'i', u'CharHeight': 24}, {u'CharWidth': 20, u'CharStartX': 547, u'CharStartY': 3010, u'CharStyle': u'2', u'CharCN': u'9', u'CharID': 2, u'CharValue': u'g', u'CharHeight': 25}, {u'CharWidth': 18, u'CharStartX': 567, u'CharStartY': 3010, u'CharStyle': u'2', u'CharCN': u'9', u'CharID': 3, u'CharValue': u'n', u'CharHeight': 17}, {u'CharWidth': 16, u'CharStartX': 587, u'CharStartY': 3010, u'CharStyle': u'2', u'CharCN': u'9', u'CharID': 4, u'CharValue': u'a', u'CharHeight': 18}, {u'CharWidth': 10, u'CharStartX': 605, u'CharStartY': 3003, u'CharStyle': u'2', u'CharCN': u'9', u'CharID': 5, u'CharValue': u't', u'CharHeight': 25}, {u'CharWidth': 17, u'CharStartX': 615, u'CharStartY': 3010, u'CharStyle': u'2', u'CharCN': u'9', u'CharID': 6, u'CharValue': u'u', u'CharHeight': 18}, {u'CharWidth': 14, u'CharStartX': 632, u'CharStartY': 3010, u'CharStyle': u'2', u'CharCN': u'9', u'CharID': 7, u'CharValue': u'r', u'CharHeight': 17}, {u'CharWidth': 18, u'CharStartX': 643, u'CharStartY': 3010, u'CharStyle': u'2', u'CharCN': u'9', u'CharID': 8, u'CharValue': u'e', u'CharHeight': 18}]",53,The above information is true to the best of my knowledge. I authorize my insurance benefits be paid directly to the physician. I understand that I am financially responsible for any balance. I also authorize [Name of Practice] or insurance company to release any information required to process my claims. Patient/Guardian signature Date,4,13,3,Patient/Guardian signature Date,1,10.0,343.666666667,False
62,TM000001,0,en-us,300,300,0,0,2550,3300,4,Block,207,2792,2136,258,3,266,3003,1485,32,2,Date,1682,3003,69,25,2,,8, swiss,, arial,9999,"[{u'CharWidth': 23, u'CharStartX': 1682, u'CharStartY': 3003, u'CharStyle': u'2', u'CharCN': u'9', u'CharID': 0, u'CharValue': u'D', u'CharHeight': 24}, {u'CharWidth': 16, u'CharStartX': 1706, u'CharStartY': 3010, u'CharStyle': u'2', u'CharCN': u'9', u'CharID': 1, u'CharValue': u'a', u'CharHeight': 18}, {u'CharWidth': 10, u'CharStartX': 1725, u'CharStartY': 3003, u'CharStyle': u'2', u'CharCN': u'9', u'CharID': 2, u'CharValue': u't', u'CharHeight': 25}, {u'CharWidth': 18, u'CharStartX': 1733, u'CharStartY': 3010, u'CharStyle': u'2', u'CharCN': u'9', u'CharID': 3, u'CharValue': u'e', u'CharHeight': 18}]",53,The above information is true to the best of my knowledge. I authorize my insurance benefits be paid directly to the physician. I understand that I am financially responsible for any balance. I also authorize [Name of Practice] or insurance company to release any information required to process my claims. Patient/Guardian signature Date,4,13,3,Patient/Guardian signature Date,1,1021.0,343.666666667,True
